Azone,Bzone,Czone,Marea
PSRC,530330001011,NA,PSRC
PSRC,530330001012,NA,PSRC
PSRC,530330001013,NA,PSRC
PSRC,530330001021,NA,PSRC
PSRC,530330001022,NA,PSRC
PSRC,530330001023,NA,PSRC
PSRC,530330002011,NA,PSRC
PSRC,530330002012,NA,PSRC
PSRC,530330002013,NA,PSRC
PSRC,530330002021,NA,PSRC
PSRC,530330002022,NA,PSRC
PSRC,530330002023,NA,PSRC
PSRC,530330003001,NA,PSRC
PSRC,530330003002,NA,PSRC
PSRC,530330004021,NA,PSRC
PSRC,530330004022,NA,PSRC
PSRC,530330004023,NA,PSRC
PSRC,530330004024,NA,PSRC
PSRC,530330004031,NA,PSRC
PSRC,530330004032,NA,PSRC
PSRC,530330004041,NA,PSRC
PSRC,530330004042,NA,PSRC
PSRC,530330004043,NA,PSRC
PSRC,530330005001,NA,PSRC
PSRC,530330005002,NA,PSRC
PSRC,530330006011,NA,PSRC
PSRC,530330006012,NA,PSRC
PSRC,530330006013,NA,PSRC
PSRC,530330006021,NA,PSRC
PSRC,530330006022,NA,PSRC
PSRC,530330006023,NA,PSRC
PSRC,530330007001,NA,PSRC
PSRC,530330007002,NA,PSRC
PSRC,530330007003,NA,PSRC
PSRC,530330007004,NA,PSRC
PSRC,530330008001,NA,PSRC
PSRC,530330008002,NA,PSRC
PSRC,530330009001,NA,PSRC
PSRC,530330009002,NA,PSRC
PSRC,530330010001,NA,PSRC
PSRC,530330010002,NA,PSRC
PSRC,530330011001,NA,PSRC
PSRC,530330011002,NA,PSRC
PSRC,530330012011,NA,PSRC
PSRC,530330012012,NA,PSRC
PSRC,530330012013,NA,PSRC
PSRC,530330012021,NA,PSRC
PSRC,530330012022,NA,PSRC
PSRC,530330012023,NA,PSRC
PSRC,530330013001,NA,PSRC
PSRC,530330013002,NA,PSRC
PSRC,530330013003,NA,PSRC
PSRC,530330014001,NA,PSRC
PSRC,530330014002,NA,PSRC
PSRC,530330014003,NA,PSRC
PSRC,530330014004,NA,PSRC
PSRC,530330015001,NA,PSRC
PSRC,530330015002,NA,PSRC
PSRC,530330016001,NA,PSRC
PSRC,530330016002,NA,PSRC
PSRC,530330016003,NA,PSRC
PSRC,530330017011,NA,PSRC
PSRC,530330017012,NA,PSRC
PSRC,530330017013,NA,PSRC
PSRC,530330017021,NA,PSRC
PSRC,530330017022,NA,PSRC
PSRC,530330017023,NA,PSRC
PSRC,530330017024,NA,PSRC
PSRC,530330018001,NA,PSRC
PSRC,530330018002,NA,PSRC
PSRC,530330018003,NA,PSRC
PSRC,530330019001,NA,PSRC
PSRC,530330019002,NA,PSRC
PSRC,530330019003,NA,PSRC
PSRC,530330019004,NA,PSRC
PSRC,530330020001,NA,PSRC
PSRC,530330020002,NA,PSRC
PSRC,530330020003,NA,PSRC
PSRC,530330021001,NA,PSRC
PSRC,530330021002,NA,PSRC
PSRC,530330021003,NA,PSRC
PSRC,530330022001,NA,PSRC
PSRC,530330022002,NA,PSRC
PSRC,530330022003,NA,PSRC
PSRC,530330022004,NA,PSRC
PSRC,530330024001,NA,PSRC
PSRC,530330024002,NA,PSRC
PSRC,530330025001,NA,PSRC
PSRC,530330025002,NA,PSRC
PSRC,530330026001,NA,PSRC
PSRC,530330026002,NA,PSRC
PSRC,530330026003,NA,PSRC
PSRC,530330026004,NA,PSRC
PSRC,530330027001,NA,PSRC
PSRC,530330027002,NA,PSRC
PSRC,530330027003,NA,PSRC
PSRC,530330027004,NA,PSRC
PSRC,530330028001,NA,PSRC
PSRC,530330028002,NA,PSRC
PSRC,530330028003,NA,PSRC
PSRC,530330028004,NA,PSRC
PSRC,530330029001,NA,PSRC
PSRC,530330029002,NA,PSRC
PSRC,530330029003,NA,PSRC
PSRC,530330030001,NA,PSRC
PSRC,530330030002,NA,PSRC
PSRC,530330030003,NA,PSRC
PSRC,530330030004,NA,PSRC
PSRC,530330031001,NA,PSRC
PSRC,530330031002,NA,PSRC
PSRC,530330031003,NA,PSRC
PSRC,530330031004,NA,PSRC
PSRC,530330031005,NA,PSRC
PSRC,530330032011,NA,PSRC
PSRC,530330032012,NA,PSRC
PSRC,530330032013,NA,PSRC
PSRC,530330032021,NA,PSRC
PSRC,530330032022,NA,PSRC
PSRC,530330032023,NA,PSRC
PSRC,530330033011,NA,PSRC
PSRC,530330033012,NA,PSRC
PSRC,530330033013,NA,PSRC
PSRC,530330033021,NA,PSRC
PSRC,530330033022,NA,PSRC
PSRC,530330033023,NA,PSRC
PSRC,530330034001,NA,PSRC
PSRC,530330034002,NA,PSRC
PSRC,530330034003,NA,PSRC
PSRC,530330035001,NA,PSRC
PSRC,530330035002,NA,PSRC
PSRC,530330035003,NA,PSRC
PSRC,530330036011,NA,PSRC
PSRC,530330036012,NA,PSRC
PSRC,530330036013,NA,PSRC
PSRC,530330036021,NA,PSRC
PSRC,530330036022,NA,PSRC
PSRC,530330036023,NA,PSRC
PSRC,530330038001,NA,PSRC
PSRC,530330038002,NA,PSRC
PSRC,530330039001,NA,PSRC
PSRC,530330039002,NA,PSRC
PSRC,530330040001,NA,PSRC
PSRC,530330040002,NA,PSRC
PSRC,530330041011,NA,PSRC
PSRC,530330041012,NA,PSRC
PSRC,530330041013,NA,PSRC
PSRC,530330041021,NA,PSRC
PSRC,530330041022,NA,PSRC
PSRC,530330041023,NA,PSRC
PSRC,530330042011,NA,PSRC
PSRC,530330042012,NA,PSRC
PSRC,530330042013,NA,PSRC
PSRC,530330042021,NA,PSRC
PSRC,530330042022,NA,PSRC
PSRC,530330042023,NA,PSRC
PSRC,530330043011,NA,PSRC
PSRC,530330043012,NA,PSRC
PSRC,530330043013,NA,PSRC
PSRC,530330043021,NA,PSRC
PSRC,530330043022,NA,PSRC
PSRC,530330043023,NA,PSRC
PSRC,530330044011,NA,PSRC
PSRC,530330044012,NA,PSRC
PSRC,530330044013,NA,PSRC
PSRC,530330044021,NA,PSRC
PSRC,530330044022,NA,PSRC
PSRC,530330044023,NA,PSRC
PSRC,530330045001,NA,PSRC
PSRC,530330045002,NA,PSRC
PSRC,530330046001,NA,PSRC
PSRC,530330046002,NA,PSRC
PSRC,530330046003,NA,PSRC
PSRC,530330047011,NA,PSRC
PSRC,530330047012,NA,PSRC
PSRC,530330047013,NA,PSRC
PSRC,530330047021,NA,PSRC
PSRC,530330047022,NA,PSRC
PSRC,530330047023,NA,PSRC
PSRC,530330047031,NA,PSRC
PSRC,530330047032,NA,PSRC
PSRC,530330047033,NA,PSRC
PSRC,530330048001,NA,PSRC
PSRC,530330048002,NA,PSRC
PSRC,530330048003,NA,PSRC
PSRC,530330048004,NA,PSRC
PSRC,530330049011,NA,PSRC
PSRC,530330049012,NA,PSRC
PSRC,530330049013,NA,PSRC
PSRC,530330049021,NA,PSRC
PSRC,530330049022,NA,PSRC
PSRC,530330050001,NA,PSRC
PSRC,530330050002,NA,PSRC
PSRC,530330050003,NA,PSRC
PSRC,530330051001,NA,PSRC
PSRC,530330051002,NA,PSRC
PSRC,530330051003,NA,PSRC
PSRC,530330052011,NA,PSRC
PSRC,530330052012,NA,PSRC
PSRC,530330052013,NA,PSRC
PSRC,530330052021,NA,PSRC
PSRC,530330052022,NA,PSRC
PSRC,530330052023,NA,PSRC
PSRC,530330053031,NA,PSRC
PSRC,530330053032,NA,PSRC
PSRC,530330053041,NA,PSRC
PSRC,530330053042,NA,PSRC
PSRC,530330053051,NA,PSRC
PSRC,530330053052,NA,PSRC
PSRC,530330053061,NA,PSRC
PSRC,530330053062,NA,PSRC
PSRC,530330053071,NA,PSRC
PSRC,530330053072,NA,PSRC
PSRC,530330053073,NA,PSRC
PSRC,530330054011,NA,PSRC
PSRC,530330054012,NA,PSRC
PSRC,530330054013,NA,PSRC
PSRC,530330054021,NA,PSRC
PSRC,530330054022,NA,PSRC
PSRC,530330054023,NA,PSRC
PSRC,530330056001,NA,PSRC
PSRC,530330056002,NA,PSRC
PSRC,530330056003,NA,PSRC
PSRC,530330056004,NA,PSRC
PSRC,530330056005,NA,PSRC
PSRC,530330057001,NA,PSRC
PSRC,530330057002,NA,PSRC
PSRC,530330057003,NA,PSRC
PSRC,530330057004,NA,PSRC
PSRC,530330057005,NA,PSRC
PSRC,530330058011,NA,PSRC
PSRC,530330058012,NA,PSRC
PSRC,530330058013,NA,PSRC
PSRC,530330058014,NA,PSRC
PSRC,530330058031,NA,PSRC
PSRC,530330058032,NA,PSRC
PSRC,530330058041,NA,PSRC
PSRC,530330058042,NA,PSRC
PSRC,530330059011,NA,PSRC
PSRC,530330059012,NA,PSRC
PSRC,530330059013,NA,PSRC
PSRC,530330059021,NA,PSRC
PSRC,530330059022,NA,PSRC
PSRC,530330059023,NA,PSRC
PSRC,530330060001,NA,PSRC
PSRC,530330060002,NA,PSRC
PSRC,530330060003,NA,PSRC
PSRC,530330060004,NA,PSRC
PSRC,530330061001,NA,PSRC
PSRC,530330061002,NA,PSRC
PSRC,530330061003,NA,PSRC
PSRC,530330061004,NA,PSRC
PSRC,530330061005,NA,PSRC
PSRC,530330062001,NA,PSRC
PSRC,530330062002,NA,PSRC
PSRC,530330062003,NA,PSRC
PSRC,530330063001,NA,PSRC
PSRC,530330063002,NA,PSRC
PSRC,530330063003,NA,PSRC
PSRC,530330063004,NA,PSRC
PSRC,530330064001,NA,PSRC
PSRC,530330064002,NA,PSRC
PSRC,530330064003,NA,PSRC
PSRC,530330065001,NA,PSRC
PSRC,530330065002,NA,PSRC
PSRC,530330065003,NA,PSRC
PSRC,530330066001,NA,PSRC
PSRC,530330066002,NA,PSRC
PSRC,530330066003,NA,PSRC
PSRC,530330067011,NA,PSRC
PSRC,530330067012,NA,PSRC
PSRC,530330067013,NA,PSRC
PSRC,530330067021,NA,PSRC
PSRC,530330067022,NA,PSRC
PSRC,530330067023,NA,PSRC
PSRC,530330067031,NA,PSRC
PSRC,530330067032,NA,PSRC
PSRC,530330067033,NA,PSRC
PSRC,530330068001,NA,PSRC
PSRC,530330068002,NA,PSRC
PSRC,530330068003,NA,PSRC
PSRC,530330069001,NA,PSRC
PSRC,530330069002,NA,PSRC
PSRC,530330069003,NA,PSRC
PSRC,530330070011,NA,PSRC
PSRC,530330070012,NA,PSRC
PSRC,530330070013,NA,PSRC
PSRC,530330070021,NA,PSRC
PSRC,530330070022,NA,PSRC
PSRC,530330070023,NA,PSRC
PSRC,530330071011,NA,PSRC
PSRC,530330071012,NA,PSRC
PSRC,530330071021,NA,PSRC
PSRC,530330071022,NA,PSRC
PSRC,530330072011,NA,PSRC
PSRC,530330072012,NA,PSRC
PSRC,530330072013,NA,PSRC
PSRC,530330072021,NA,PSRC
PSRC,530330072022,NA,PSRC
PSRC,530330072023,NA,PSRC
PSRC,530330072031,NA,PSRC
PSRC,530330072032,NA,PSRC
PSRC,530330073011,NA,PSRC
PSRC,530330073012,NA,PSRC
PSRC,530330073013,NA,PSRC
PSRC,530330073021,NA,PSRC
PSRC,530330073022,NA,PSRC
PSRC,530330073023,NA,PSRC
PSRC,530330073031,NA,PSRC
PSRC,530330073032,NA,PSRC
PSRC,530330073033,NA,PSRC
PSRC,530330074031,NA,PSRC
PSRC,530330074032,NA,PSRC
PSRC,530330074041,NA,PSRC
PSRC,530330074042,NA,PSRC
PSRC,530330074051,NA,PSRC
PSRC,530330074052,NA,PSRC
PSRC,530330074061,NA,PSRC
PSRC,530330074062,NA,PSRC
PSRC,530330075011,NA,PSRC
PSRC,530330075012,NA,PSRC
PSRC,530330075013,NA,PSRC
PSRC,530330075021,NA,PSRC
PSRC,530330075022,NA,PSRC
PSRC,530330075023,NA,PSRC
PSRC,530330075031,NA,PSRC
PSRC,530330075032,NA,PSRC
PSRC,530330076001,NA,PSRC
PSRC,530330076002,NA,PSRC
PSRC,530330076003,NA,PSRC
PSRC,530330077001,NA,PSRC
PSRC,530330077002,NA,PSRC
PSRC,530330077003,NA,PSRC
PSRC,530330077004,NA,PSRC
PSRC,530330078001,NA,PSRC
PSRC,530330078002,NA,PSRC
PSRC,530330078003,NA,PSRC
PSRC,530330078004,NA,PSRC
PSRC,530330079011,NA,PSRC
PSRC,530330079012,NA,PSRC
PSRC,530330079021,NA,PSRC
PSRC,530330079022,NA,PSRC
PSRC,530330079023,NA,PSRC
PSRC,530330080021,NA,PSRC
PSRC,530330080022,NA,PSRC
PSRC,530330080023,NA,PSRC
PSRC,530330080031,NA,PSRC
PSRC,530330080032,NA,PSRC
PSRC,530330080033,NA,PSRC
PSRC,530330080041,NA,PSRC
PSRC,530330080042,NA,PSRC
PSRC,530330080043,NA,PSRC
PSRC,530330081011,NA,PSRC
PSRC,530330081012,NA,PSRC
PSRC,530330081013,NA,PSRC
PSRC,530330081021,NA,PSRC
PSRC,530330081022,NA,PSRC
PSRC,530330082001,NA,PSRC
PSRC,530330082002,NA,PSRC
PSRC,530330082003,NA,PSRC
PSRC,530330083001,NA,PSRC
PSRC,530330083002,NA,PSRC
PSRC,530330084011,NA,PSRC
PSRC,530330084012,NA,PSRC
PSRC,530330084013,NA,PSRC
PSRC,530330084021,NA,PSRC
PSRC,530330084022,NA,PSRC
PSRC,530330084023,NA,PSRC
PSRC,530330085001,NA,PSRC
PSRC,530330085002,NA,PSRC
PSRC,530330085003,NA,PSRC
PSRC,530330086001,NA,PSRC
PSRC,530330086002,NA,PSRC
PSRC,530330086003,NA,PSRC
PSRC,530330086004,NA,PSRC
PSRC,530330087001,NA,PSRC
PSRC,530330087002,NA,PSRC
PSRC,530330087003,NA,PSRC
PSRC,530330088001,NA,PSRC
PSRC,530330088002,NA,PSRC
PSRC,530330088003,NA,PSRC
PSRC,530330089001,NA,PSRC
PSRC,530330089002,NA,PSRC
PSRC,530330089003,NA,PSRC
PSRC,530330089004,NA,PSRC
PSRC,530330090001,NA,PSRC
PSRC,530330090002,NA,PSRC
PSRC,530330090003,NA,PSRC
PSRC,530330091001,NA,PSRC
PSRC,530330091002,NA,PSRC
PSRC,530330092001,NA,PSRC
PSRC,530330092002,NA,PSRC
PSRC,530330093001,NA,PSRC
PSRC,530330093002,NA,PSRC
PSRC,530330093003,NA,PSRC
PSRC,530330094001,NA,PSRC
PSRC,530330094002,NA,PSRC
PSRC,530330094003,NA,PSRC
PSRC,530330094004,NA,PSRC
PSRC,530330094005,NA,PSRC
PSRC,530330095001,NA,PSRC
PSRC,530330095002,NA,PSRC
PSRC,530330095003,NA,PSRC
PSRC,530330095004,NA,PSRC
PSRC,530330096001,NA,PSRC
PSRC,530330096002,NA,PSRC
PSRC,530330096003,NA,PSRC
PSRC,530330096004,NA,PSRC
PSRC,530330097011,NA,PSRC
PSRC,530330097012,NA,PSRC
PSRC,530330097013,NA,PSRC
PSRC,530330097014,NA,PSRC
PSRC,530330097021,NA,PSRC
PSRC,530330097022,NA,PSRC
PSRC,530330097023,NA,PSRC
PSRC,530330097024,NA,PSRC
PSRC,530330098011,NA,PSRC
PSRC,530330098012,NA,PSRC
PSRC,530330098013,NA,PSRC
PSRC,530330098021,NA,PSRC
PSRC,530330098022,NA,PSRC
PSRC,530330098023,NA,PSRC
PSRC,530330099001,NA,PSRC
PSRC,530330099002,NA,PSRC
PSRC,530330099003,NA,PSRC
PSRC,530330099004,NA,PSRC
PSRC,530330100011,NA,PSRC
PSRC,530330100012,NA,PSRC
PSRC,530330100013,NA,PSRC
PSRC,530330100021,NA,PSRC
PSRC,530330100022,NA,PSRC
PSRC,530330100023,NA,PSRC
PSRC,530330101011,NA,PSRC
PSRC,530330101012,NA,PSRC
PSRC,530330101013,NA,PSRC
PSRC,530330101021,NA,PSRC
PSRC,530330101022,NA,PSRC
PSRC,530330101023,NA,PSRC
PSRC,530330102001,NA,PSRC
PSRC,530330102002,NA,PSRC
PSRC,530330102003,NA,PSRC
PSRC,530330102004,NA,PSRC
PSRC,530330103011,NA,PSRC
PSRC,530330103012,NA,PSRC
PSRC,530330103013,NA,PSRC
PSRC,530330103021,NA,PSRC
PSRC,530330103022,NA,PSRC
PSRC,530330103023,NA,PSRC
PSRC,530330104011,NA,PSRC
PSRC,530330104012,NA,PSRC
PSRC,530330104013,NA,PSRC
PSRC,530330104021,NA,PSRC
PSRC,530330104022,NA,PSRC
PSRC,530330104023,NA,PSRC
PSRC,530330104024,NA,PSRC
PSRC,530330105011,NA,PSRC
PSRC,530330105012,NA,PSRC
PSRC,530330105013,NA,PSRC
PSRC,530330105021,NA,PSRC
PSRC,530330105022,NA,PSRC
PSRC,530330105023,NA,PSRC
PSRC,530330105024,NA,PSRC
PSRC,530330106011,NA,PSRC
PSRC,530330106012,NA,PSRC
PSRC,530330106013,NA,PSRC
PSRC,530330106021,NA,PSRC
PSRC,530330106022,NA,PSRC
PSRC,530330106023,NA,PSRC
PSRC,530330107011,NA,PSRC
PSRC,530330107012,NA,PSRC
PSRC,530330107013,NA,PSRC
PSRC,530330107021,NA,PSRC
PSRC,530330107022,NA,PSRC
PSRC,530330107023,NA,PSRC
PSRC,530330108001,NA,PSRC
PSRC,530330108002,NA,PSRC
PSRC,530330108003,NA,PSRC
PSRC,530330109001,NA,PSRC
PSRC,530330109002,NA,PSRC
PSRC,530330110011,NA,PSRC
PSRC,530330110012,NA,PSRC
PSRC,530330110013,NA,PSRC
PSRC,530330110021,NA,PSRC
PSRC,530330110022,NA,PSRC
PSRC,530330110023,NA,PSRC
PSRC,530330111011,NA,PSRC
PSRC,530330111012,NA,PSRC
PSRC,530330111013,NA,PSRC
PSRC,530330111014,NA,PSRC
PSRC,530330111021,NA,PSRC
PSRC,530330111022,NA,PSRC
PSRC,530330111023,NA,PSRC
PSRC,530330111024,NA,PSRC
PSRC,530330112001,NA,PSRC
PSRC,530330112002,NA,PSRC
PSRC,530330112003,NA,PSRC
PSRC,530330113001,NA,PSRC
PSRC,530330113002,NA,PSRC
PSRC,530330113003,NA,PSRC
PSRC,530330113004,NA,PSRC
PSRC,530330113005,NA,PSRC
PSRC,530330114011,NA,PSRC
PSRC,530330114012,NA,PSRC
PSRC,530330114013,NA,PSRC
PSRC,530330114021,NA,PSRC
PSRC,530330114022,NA,PSRC
PSRC,530330114023,NA,PSRC
PSRC,530330115001,NA,PSRC
PSRC,530330115002,NA,PSRC
PSRC,530330115003,NA,PSRC
PSRC,530330116011,NA,PSRC
PSRC,530330116012,NA,PSRC
PSRC,530330116021,NA,PSRC
PSRC,530330116022,NA,PSRC
PSRC,530330116023,NA,PSRC
PSRC,530330117001,NA,PSRC
PSRC,530330117002,NA,PSRC
PSRC,530330117003,NA,PSRC
PSRC,530330117004,NA,PSRC
PSRC,530330118011,NA,PSRC
PSRC,530330118012,NA,PSRC
PSRC,530330118013,NA,PSRC
PSRC,530330118021,NA,PSRC
PSRC,530330118022,NA,PSRC
PSRC,530330118023,NA,PSRC
PSRC,530330119011,NA,PSRC
PSRC,530330119012,NA,PSRC
PSRC,530330119013,NA,PSRC
PSRC,530330119021,NA,PSRC
PSRC,530330119022,NA,PSRC
PSRC,530330119023,NA,PSRC
PSRC,530330120001,NA,PSRC
PSRC,530330120002,NA,PSRC
PSRC,530330120003,NA,PSRC
PSRC,530330121001,NA,PSRC
PSRC,530330121002,NA,PSRC
PSRC,530330201001,NA,PSRC
PSRC,530330201002,NA,PSRC
PSRC,530330201003,NA,PSRC
PSRC,530330202001,NA,PSRC
PSRC,530330202002,NA,PSRC
PSRC,530330202003,NA,PSRC
PSRC,530330202004,NA,PSRC
PSRC,530330203011,NA,PSRC
PSRC,530330203012,NA,PSRC
PSRC,530330203021,NA,PSRC
PSRC,530330203022,NA,PSRC
PSRC,530330203023,NA,PSRC
PSRC,530330204011,NA,PSRC
PSRC,530330204012,NA,PSRC
PSRC,530330204013,NA,PSRC
PSRC,530330204021,NA,PSRC
PSRC,530330204022,NA,PSRC
PSRC,530330204023,NA,PSRC
PSRC,530330204024,NA,PSRC
PSRC,530330205001,NA,PSRC
PSRC,530330205002,NA,PSRC
PSRC,530330205003,NA,PSRC
PSRC,530330205004,NA,PSRC
PSRC,530330205005,NA,PSRC
PSRC,530330206001,NA,PSRC
PSRC,530330206002,NA,PSRC
PSRC,530330206003,NA,PSRC
PSRC,530330206004,NA,PSRC
PSRC,530330207001,NA,PSRC
PSRC,530330207002,NA,PSRC
PSRC,530330207003,NA,PSRC
PSRC,530330208001,NA,PSRC
PSRC,530330208002,NA,PSRC
PSRC,530330208003,NA,PSRC
PSRC,530330209001,NA,PSRC
PSRC,530330209002,NA,PSRC
PSRC,530330209003,NA,PSRC
PSRC,530330210001,NA,PSRC
PSRC,530330210002,NA,PSRC
PSRC,530330210003,NA,PSRC
PSRC,530330210004,NA,PSRC
PSRC,530330210005,NA,PSRC
PSRC,530330211001,NA,PSRC
PSRC,530330211002,NA,PSRC
PSRC,530330211003,NA,PSRC
PSRC,530330213001,NA,PSRC
PSRC,530330213002,NA,PSRC
PSRC,530330213003,NA,PSRC
PSRC,530330214001,NA,PSRC
PSRC,530330214002,NA,PSRC
PSRC,530330214003,NA,PSRC
PSRC,530330215001,NA,PSRC
PSRC,530330215002,NA,PSRC
PSRC,530330215003,NA,PSRC
PSRC,530330215004,NA,PSRC
PSRC,530330216001,NA,PSRC
PSRC,530330216002,NA,PSRC
PSRC,530330216003,NA,PSRC
PSRC,530330216004,NA,PSRC
PSRC,530330217011,NA,PSRC
PSRC,530330217012,NA,PSRC
PSRC,530330217013,NA,PSRC
PSRC,530330217021,NA,PSRC
PSRC,530330217022,NA,PSRC
PSRC,530330217023,NA,PSRC
PSRC,530330218021,NA,PSRC
PSRC,530330218022,NA,PSRC
PSRC,530330218023,NA,PSRC
PSRC,530330218024,NA,PSRC
PSRC,530330218031,NA,PSRC
PSRC,530330218032,NA,PSRC
PSRC,530330218033,NA,PSRC
PSRC,530330218034,NA,PSRC
PSRC,530330218041,NA,PSRC
PSRC,530330218042,NA,PSRC
PSRC,530330218043,NA,PSRC
PSRC,530330218044,NA,PSRC
PSRC,530330219031,NA,PSRC
PSRC,530330219032,NA,PSRC
PSRC,530330219033,NA,PSRC
PSRC,530330219034,NA,PSRC
PSRC,530330219041,NA,PSRC
PSRC,530330219042,NA,PSRC
PSRC,530330219043,NA,PSRC
PSRC,530330219044,NA,PSRC
PSRC,530330219051,NA,PSRC
PSRC,530330219052,NA,PSRC
PSRC,530330219053,NA,PSRC
PSRC,530330219054,NA,PSRC
PSRC,530330219061,NA,PSRC
PSRC,530330219062,NA,PSRC
PSRC,530330219063,NA,PSRC
PSRC,530330220011,NA,PSRC
PSRC,530330220012,NA,PSRC
PSRC,530330220013,NA,PSRC
PSRC,530330220031,NA,PSRC
PSRC,530330220032,NA,PSRC
PSRC,530330220033,NA,PSRC
PSRC,530330220034,NA,PSRC
PSRC,530330220051,NA,PSRC
PSRC,530330220052,NA,PSRC
PSRC,530330220053,NA,PSRC
PSRC,530330220054,NA,PSRC
PSRC,530330220061,NA,PSRC
PSRC,530330220062,NA,PSRC
PSRC,530330220063,NA,PSRC
PSRC,530330221011,NA,PSRC
PSRC,530330221012,NA,PSRC
PSRC,530330221013,NA,PSRC
PSRC,530330221014,NA,PSRC
PSRC,530330221021,NA,PSRC
PSRC,530330221022,NA,PSRC
PSRC,530330221023,NA,PSRC
PSRC,530330221024,NA,PSRC
PSRC,530330222011,NA,PSRC
PSRC,530330222012,NA,PSRC
PSRC,530330222013,NA,PSRC
PSRC,530330222031,NA,PSRC
PSRC,530330222032,NA,PSRC
PSRC,530330222033,NA,PSRC
PSRC,530330222034,NA,PSRC
PSRC,530330222041,NA,PSRC
PSRC,530330222042,NA,PSRC
PSRC,530330222043,NA,PSRC
PSRC,530330222051,NA,PSRC
PSRC,530330222052,NA,PSRC
PSRC,530330222053,NA,PSRC
PSRC,530330223001,NA,PSRC
PSRC,530330223002,NA,PSRC
PSRC,530330224011,NA,PSRC
PSRC,530330224012,NA,PSRC
PSRC,530330224013,NA,PSRC
PSRC,530330224021,NA,PSRC
PSRC,530330224022,NA,PSRC
PSRC,530330224023,NA,PSRC
PSRC,530330225011,NA,PSRC
PSRC,530330225012,NA,PSRC
PSRC,530330225013,NA,PSRC
PSRC,530330225021,NA,PSRC
PSRC,530330225022,NA,PSRC
PSRC,530330225023,NA,PSRC
PSRC,530330226031,NA,PSRC
PSRC,530330226032,NA,PSRC
PSRC,530330226033,NA,PSRC
PSRC,530330226034,NA,PSRC
PSRC,530330226041,NA,PSRC
PSRC,530330226042,NA,PSRC
PSRC,530330226043,NA,PSRC
PSRC,530330226051,NA,PSRC
PSRC,530330226052,NA,PSRC
PSRC,530330226053,NA,PSRC
PSRC,530330226061,NA,PSRC
PSRC,530330226062,NA,PSRC
PSRC,530330226063,NA,PSRC
PSRC,530330226064,NA,PSRC
PSRC,530330227011,NA,PSRC
PSRC,530330227012,NA,PSRC
PSRC,530330227021,NA,PSRC
PSRC,530330227022,NA,PSRC
PSRC,530330227023,NA,PSRC
PSRC,530330227031,NA,PSRC
PSRC,530330227032,NA,PSRC
PSRC,530330228021,NA,PSRC
PSRC,530330228022,NA,PSRC
PSRC,530330228023,NA,PSRC
PSRC,530330228024,NA,PSRC
PSRC,530330228031,NA,PSRC
PSRC,530330228032,NA,PSRC
PSRC,530330228033,NA,PSRC
PSRC,530330228034,NA,PSRC
PSRC,530330228041,NA,PSRC
PSRC,530330228042,NA,PSRC
PSRC,530330228043,NA,PSRC
PSRC,530330228051,NA,PSRC
PSRC,530330228052,NA,PSRC
PSRC,530330228053,NA,PSRC
PSRC,530330229011,NA,PSRC
PSRC,530330229012,NA,PSRC
PSRC,530330229021,NA,PSRC
PSRC,530330229022,NA,PSRC
PSRC,530330229023,NA,PSRC
PSRC,530330229024,NA,PSRC
PSRC,530330230001,NA,PSRC
PSRC,530330230002,NA,PSRC
PSRC,530330230003,NA,PSRC
PSRC,530330230004,NA,PSRC
PSRC,530330231001,NA,PSRC
PSRC,530330231002,NA,PSRC
PSRC,530330231003,NA,PSRC
PSRC,530330232011,NA,PSRC
PSRC,530330232012,NA,PSRC
PSRC,530330232013,NA,PSRC
PSRC,530330232014,NA,PSRC
PSRC,530330232021,NA,PSRC
PSRC,530330232022,NA,PSRC
PSRC,530330232023,NA,PSRC
PSRC,530330233001,NA,PSRC
PSRC,530330233002,NA,PSRC
PSRC,530330233003,NA,PSRC
PSRC,530330233004,NA,PSRC
PSRC,530330234011,NA,PSRC
PSRC,530330234012,NA,PSRC
PSRC,530330234013,NA,PSRC
PSRC,530330234031,NA,PSRC
PSRC,530330234032,NA,PSRC
PSRC,530330234033,NA,PSRC
PSRC,530330234041,NA,PSRC
PSRC,530330234042,NA,PSRC
PSRC,530330235001,NA,PSRC
PSRC,530330235002,NA,PSRC
PSRC,530330235003,NA,PSRC
PSRC,530330236011,NA,PSRC
PSRC,530330236012,NA,PSRC
PSRC,530330236013,NA,PSRC
PSRC,530330236031,NA,PSRC
PSRC,530330236032,NA,PSRC
PSRC,530330236033,NA,PSRC
PSRC,530330236034,NA,PSRC
PSRC,530330236035,NA,PSRC
PSRC,530330236041,NA,PSRC
PSRC,530330236042,NA,PSRC
PSRC,530330236043,NA,PSRC
PSRC,530330236044,NA,PSRC
PSRC,530330237011,NA,PSRC
PSRC,530330237012,NA,PSRC
PSRC,530330237013,NA,PSRC
PSRC,530330237021,NA,PSRC
PSRC,530330237022,NA,PSRC
PSRC,530330238011,NA,PSRC
PSRC,530330238012,NA,PSRC
PSRC,530330238051,NA,PSRC
PSRC,530330238052,NA,PSRC
PSRC,530330238061,NA,PSRC
PSRC,530330238062,NA,PSRC
PSRC,530330238063,NA,PSRC
PSRC,530330238071,NA,PSRC
PSRC,530330238072,NA,PSRC
PSRC,530330238073,NA,PSRC
PSRC,530330238081,NA,PSRC
PSRC,530330238082,NA,PSRC
PSRC,530330238083,NA,PSRC
PSRC,530330239011,NA,PSRC
PSRC,530330239012,NA,PSRC
PSRC,530330239013,NA,PSRC
PSRC,530330239021,NA,PSRC
PSRC,530330239022,NA,PSRC
PSRC,530330240011,NA,PSRC
PSRC,530330240012,NA,PSRC
PSRC,530330240013,NA,PSRC
PSRC,530330240021,NA,PSRC
PSRC,530330240022,NA,PSRC
PSRC,530330240023,NA,PSRC
PSRC,530330241001,NA,PSRC
PSRC,530330241002,NA,PSRC
PSRC,530330241003,NA,PSRC
PSRC,530330242001,NA,PSRC
PSRC,530330242002,NA,PSRC
PSRC,530330243011,NA,PSRC
PSRC,530330243012,NA,PSRC
PSRC,530330243013,NA,PSRC
PSRC,530330243021,NA,PSRC
PSRC,530330243022,NA,PSRC
PSRC,530330243023,NA,PSRC
PSRC,530330244001,NA,PSRC
PSRC,530330244002,NA,PSRC
PSRC,530330245001,NA,PSRC
PSRC,530330245002,NA,PSRC
PSRC,530330245003,NA,PSRC
PSRC,530330246011,NA,PSRC
PSRC,530330246012,NA,PSRC
PSRC,530330246013,NA,PSRC
PSRC,530330246021,NA,PSRC
PSRC,530330246022,NA,PSRC
PSRC,530330247011,NA,PSRC
PSRC,530330247012,NA,PSRC
PSRC,530330247013,NA,PSRC
PSRC,530330247031,NA,PSRC
PSRC,530330247032,NA,PSRC
PSRC,530330247033,NA,PSRC
PSRC,530330247041,NA,PSRC
PSRC,530330247042,NA,PSRC
PSRC,530330247043,NA,PSRC
PSRC,530330248001,NA,PSRC
PSRC,530330248002,NA,PSRC
PSRC,530330248003,NA,PSRC
PSRC,530330249011,NA,PSRC
PSRC,530330249012,NA,PSRC
PSRC,530330249013,NA,PSRC
PSRC,530330249014,NA,PSRC
PSRC,530330249021,NA,PSRC
PSRC,530330249022,NA,PSRC
PSRC,530330249023,NA,PSRC
PSRC,530330249041,NA,PSRC
PSRC,530330249042,NA,PSRC
PSRC,530330249051,NA,PSRC
PSRC,530330249052,NA,PSRC
PSRC,530330250011,NA,PSRC
PSRC,530330250012,NA,PSRC
PSRC,530330250013,NA,PSRC
PSRC,530330250014,NA,PSRC
PSRC,530330250051,NA,PSRC
PSRC,530330250052,NA,PSRC
PSRC,530330250053,NA,PSRC
PSRC,530330250061,NA,PSRC
PSRC,530330250062,NA,PSRC
PSRC,530330250063,NA,PSRC
PSRC,530330250064,NA,PSRC
PSRC,530330250071,NA,PSRC
PSRC,530330250072,NA,PSRC
PSRC,530330250073,NA,PSRC
PSRC,530330250081,NA,PSRC
PSRC,530330250082,NA,PSRC
PSRC,530330251011,NA,PSRC
PSRC,530330251012,NA,PSRC
PSRC,530330251013,NA,PSRC
PSRC,530330251014,NA,PSRC
PSRC,530330251031,NA,PSRC
PSRC,530330251032,NA,PSRC
PSRC,530330251033,NA,PSRC
PSRC,530330251041,NA,PSRC
PSRC,530330251042,NA,PSRC
PSRC,530330251043,NA,PSRC
PSRC,530330252011,NA,PSRC
PSRC,530330252012,NA,PSRC
PSRC,530330252013,NA,PSRC
PSRC,530330252021,NA,PSRC
PSRC,530330252022,NA,PSRC
PSRC,530330252023,NA,PSRC
PSRC,530330253021,NA,PSRC
PSRC,530330253022,NA,PSRC
PSRC,530330253023,NA,PSRC
PSRC,530330253024,NA,PSRC
PSRC,530330253031,NA,PSRC
PSRC,530330253032,NA,PSRC
PSRC,530330253041,NA,PSRC
PSRC,530330253042,NA,PSRC
PSRC,530330254011,NA,PSRC
PSRC,530330254012,NA,PSRC
PSRC,530330254013,NA,PSRC
PSRC,530330254021,NA,PSRC
PSRC,530330254022,NA,PSRC
PSRC,530330254023,NA,PSRC
PSRC,530330255001,NA,PSRC
PSRC,530330255002,NA,PSRC
PSRC,530330255003,NA,PSRC
PSRC,530330256011,NA,PSRC
PSRC,530330256012,NA,PSRC
PSRC,530330256013,NA,PSRC
PSRC,530330256021,NA,PSRC
PSRC,530330256022,NA,PSRC
PSRC,530330256023,NA,PSRC
PSRC,530330256024,NA,PSRC
PSRC,530330257021,NA,PSRC
PSRC,530330257022,NA,PSRC
PSRC,530330257023,NA,PSRC
PSRC,530330257031,NA,PSRC
PSRC,530330257032,NA,PSRC
PSRC,530330257041,NA,PSRC
PSRC,530330257042,NA,PSRC
PSRC,530330258031,NA,PSRC
PSRC,530330258032,NA,PSRC
PSRC,530330258033,NA,PSRC
PSRC,530330258041,NA,PSRC
PSRC,530330258042,NA,PSRC
PSRC,530330258043,NA,PSRC
PSRC,530330258051,NA,PSRC
PSRC,530330258052,NA,PSRC
PSRC,530330258053,NA,PSRC
PSRC,530330258061,NA,PSRC
PSRC,530330258062,NA,PSRC
PSRC,530330258063,NA,PSRC
PSRC,530330260011,NA,PSRC
PSRC,530330260012,NA,PSRC
PSRC,530330260013,NA,PSRC
PSRC,530330260014,NA,PSRC
PSRC,530330260031,NA,PSRC
PSRC,530330260032,NA,PSRC
PSRC,530330260033,NA,PSRC
PSRC,530330260041,NA,PSRC
PSRC,530330260042,NA,PSRC
PSRC,530330260043,NA,PSRC
PSRC,530330261011,NA,PSRC
PSRC,530330261012,NA,PSRC
PSRC,530330261013,NA,PSRC
PSRC,530330261021,NA,PSRC
PSRC,530330261022,NA,PSRC
PSRC,530330261023,NA,PSRC
PSRC,530330262001,NA,PSRC
PSRC,530330262002,NA,PSRC
PSRC,530330262003,NA,PSRC
PSRC,530330262004,NA,PSRC
PSRC,530330263001,NA,PSRC
PSRC,530330263002,NA,PSRC
PSRC,530330264001,NA,PSRC
PSRC,530330264002,NA,PSRC
PSRC,530330264003,NA,PSRC
PSRC,530330264004,NA,PSRC
PSRC,530330265001,NA,PSRC
PSRC,530330265002,NA,PSRC
PSRC,530330265003,NA,PSRC
PSRC,530330266001,NA,PSRC
PSRC,530330266002,NA,PSRC
PSRC,530330267001,NA,PSRC
PSRC,530330267002,NA,PSRC
PSRC,530330267003,NA,PSRC
PSRC,530330267004,NA,PSRC
PSRC,530330268011,NA,PSRC
PSRC,530330268012,NA,PSRC
PSRC,530330268013,NA,PSRC
PSRC,530330268014,NA,PSRC
PSRC,530330268021,NA,PSRC
PSRC,530330268022,NA,PSRC
PSRC,530330268023,NA,PSRC
PSRC,530330268024,NA,PSRC
PSRC,530330270001,NA,PSRC
PSRC,530330270002,NA,PSRC
PSRC,530330270003,NA,PSRC
PSRC,530330271001,NA,PSRC
PSRC,530330271002,NA,PSRC
PSRC,530330271003,NA,PSRC
PSRC,530330272001,NA,PSRC
PSRC,530330272002,NA,PSRC
PSRC,530330273001,NA,PSRC
PSRC,530330273002,NA,PSRC
PSRC,530330273003,NA,PSRC
PSRC,530330273004,NA,PSRC
PSRC,530330274001,NA,PSRC
PSRC,530330274002,NA,PSRC
PSRC,530330274003,NA,PSRC
PSRC,530330274004,NA,PSRC
PSRC,530330275001,NA,PSRC
PSRC,530330275002,NA,PSRC
PSRC,530330275003,NA,PSRC
PSRC,530330276001,NA,PSRC
PSRC,530330276002,NA,PSRC
PSRC,530330276003,NA,PSRC
PSRC,530330277011,NA,PSRC
PSRC,530330277012,NA,PSRC
PSRC,530330277013,NA,PSRC
PSRC,530330277014,NA,PSRC
PSRC,530330277021,NA,PSRC
PSRC,530330277022,NA,PSRC
PSRC,530330277023,NA,PSRC
PSRC,530330278001,NA,PSRC
PSRC,530330278002,NA,PSRC
PSRC,530330279011,NA,PSRC
PSRC,530330279012,NA,PSRC
PSRC,530330279013,NA,PSRC
PSRC,530330279021,NA,PSRC
PSRC,530330279022,NA,PSRC
PSRC,530330279023,NA,PSRC
PSRC,530330280001,NA,PSRC
PSRC,530330280002,NA,PSRC
PSRC,530330280003,NA,PSRC
PSRC,530330281001,NA,PSRC
PSRC,530330281002,NA,PSRC
PSRC,530330282001,NA,PSRC
PSRC,530330282002,NA,PSRC
PSRC,530330282003,NA,PSRC
PSRC,530330283001,NA,PSRC
PSRC,530330283002,NA,PSRC
PSRC,530330283003,NA,PSRC
PSRC,530330284021,NA,PSRC
PSRC,530330284022,NA,PSRC
PSRC,530330284023,NA,PSRC
PSRC,530330284024,NA,PSRC
PSRC,530330284031,NA,PSRC
PSRC,530330284032,NA,PSRC
PSRC,530330284033,NA,PSRC
PSRC,530330284034,NA,PSRC
PSRC,530330285001,NA,PSRC
PSRC,530330285002,NA,PSRC
PSRC,530330285003,NA,PSRC
PSRC,530330286001,NA,PSRC
PSRC,530330286002,NA,PSRC
PSRC,530330286003,NA,PSRC
PSRC,530330286004,NA,PSRC
PSRC,530330286005,NA,PSRC
PSRC,530330287001,NA,PSRC
PSRC,530330287002,NA,PSRC
PSRC,530330287003,NA,PSRC
PSRC,530330288011,NA,PSRC
PSRC,530330288012,NA,PSRC
PSRC,530330288021,NA,PSRC
PSRC,530330288022,NA,PSRC
PSRC,530330288023,NA,PSRC
PSRC,530330288024,NA,PSRC
PSRC,530330289011,NA,PSRC
PSRC,530330289012,NA,PSRC
PSRC,530330289013,NA,PSRC
PSRC,530330289021,NA,PSRC
PSRC,530330289022,NA,PSRC
PSRC,530330289023,NA,PSRC
PSRC,530330289024,NA,PSRC
PSRC,530330289025,NA,PSRC
PSRC,530330290011,NA,PSRC
PSRC,530330290012,NA,PSRC
PSRC,530330290013,NA,PSRC
PSRC,530330290031,NA,PSRC
PSRC,530330290032,NA,PSRC
PSRC,530330290033,NA,PSRC
PSRC,530330290034,NA,PSRC
PSRC,530330290041,NA,PSRC
PSRC,530330290042,NA,PSRC
PSRC,530330291011,NA,PSRC
PSRC,530330291012,NA,PSRC
PSRC,530330291021,NA,PSRC
PSRC,530330291022,NA,PSRC
PSRC,530330291023,NA,PSRC
PSRC,530330292031,NA,PSRC
PSRC,530330292032,NA,PSRC
PSRC,530330292033,NA,PSRC
PSRC,530330292051,NA,PSRC
PSRC,530330292052,NA,PSRC
PSRC,530330292053,NA,PSRC
PSRC,530330292061,NA,PSRC
PSRC,530330292062,NA,PSRC
PSRC,530330292063,NA,PSRC
PSRC,530330292071,NA,PSRC
PSRC,530330292072,NA,PSRC
PSRC,530330292081,NA,PSRC
PSRC,530330292082,NA,PSRC
PSRC,530330293041,NA,PSRC
PSRC,530330293042,NA,PSRC
PSRC,530330293043,NA,PSRC
PSRC,530330293044,NA,PSRC
PSRC,530330293051,NA,PSRC
PSRC,530330293052,NA,PSRC
PSRC,530330293053,NA,PSRC
PSRC,530330293061,NA,PSRC
PSRC,530330293062,NA,PSRC
PSRC,530330293063,NA,PSRC
PSRC,530330293071,NA,PSRC
PSRC,530330293072,NA,PSRC
PSRC,530330293073,NA,PSRC
PSRC,530330293081,NA,PSRC
PSRC,530330293082,NA,PSRC
PSRC,530330293083,NA,PSRC
PSRC,530330293091,NA,PSRC
PSRC,530330293092,NA,PSRC
PSRC,530330293093,NA,PSRC
PSRC,530330294031,NA,PSRC
PSRC,530330294032,NA,PSRC
PSRC,530330294033,NA,PSRC
PSRC,530330294034,NA,PSRC
PSRC,530330294051,NA,PSRC
PSRC,530330294052,NA,PSRC
PSRC,530330294053,NA,PSRC
PSRC,530330294054,NA,PSRC
PSRC,530330294061,NA,PSRC
PSRC,530330294062,NA,PSRC
PSRC,530330294063,NA,PSRC
PSRC,530330294071,NA,PSRC
PSRC,530330294072,NA,PSRC
PSRC,530330294073,NA,PSRC
PSRC,530330294081,NA,PSRC
PSRC,530330294082,NA,PSRC
PSRC,530330294083,NA,PSRC
PSRC,530330295041,NA,PSRC
PSRC,530330295042,NA,PSRC
PSRC,530330295043,NA,PSRC
PSRC,530330295051,NA,PSRC
PSRC,530330295052,NA,PSRC
PSRC,530330295053,NA,PSRC
PSRC,530330295061,NA,PSRC
PSRC,530330295062,NA,PSRC
PSRC,530330295063,NA,PSRC
PSRC,530330295071,NA,PSRC
PSRC,530330295072,NA,PSRC
PSRC,530330295081,NA,PSRC
PSRC,530330295082,NA,PSRC
PSRC,530330295083,NA,PSRC
PSRC,530330296021,NA,PSRC
PSRC,530330296022,NA,PSRC
PSRC,530330296023,NA,PSRC
PSRC,530330296024,NA,PSRC
PSRC,530330296031,NA,PSRC
PSRC,530330296032,NA,PSRC
PSRC,530330296033,NA,PSRC
PSRC,530330296041,NA,PSRC
PSRC,530330296042,NA,PSRC
PSRC,530330296043,NA,PSRC
PSRC,530330297011,NA,PSRC
PSRC,530330297012,NA,PSRC
PSRC,530330297013,NA,PSRC
PSRC,530330297021,NA,PSRC
PSRC,530330297022,NA,PSRC
PSRC,530330298031,NA,PSRC
PSRC,530330298032,NA,PSRC
PSRC,530330298033,NA,PSRC
PSRC,530330298041,NA,PSRC
PSRC,530330298042,NA,PSRC
PSRC,530330298043,NA,PSRC
PSRC,530330298051,NA,PSRC
PSRC,530330298052,NA,PSRC
PSRC,530330298053,NA,PSRC
PSRC,530330298054,NA,PSRC
PSRC,530330298061,NA,PSRC
PSRC,530330298062,NA,PSRC
PSRC,530330298063,NA,PSRC
PSRC,530330299011,NA,PSRC
PSRC,530330299012,NA,PSRC
PSRC,530330299013,NA,PSRC
PSRC,530330299021,NA,PSRC
PSRC,530330299022,NA,PSRC
PSRC,530330299023,NA,PSRC
PSRC,530330300031,NA,PSRC
PSRC,530330300032,NA,PSRC
PSRC,530330300033,NA,PSRC
PSRC,530330300034,NA,PSRC
PSRC,530330300051,NA,PSRC
PSRC,530330300052,NA,PSRC
PSRC,530330300053,NA,PSRC
PSRC,530330300061,NA,PSRC
PSRC,530330300062,NA,PSRC
PSRC,530330300063,NA,PSRC
PSRC,530330300071,NA,PSRC
PSRC,530330300072,NA,PSRC
PSRC,530330300081,NA,PSRC
PSRC,530330300082,NA,PSRC
PSRC,530330300083,NA,PSRC
PSRC,530330301011,NA,PSRC
PSRC,530330301012,NA,PSRC
PSRC,530330301013,NA,PSRC
PSRC,530330301021,NA,PSRC
PSRC,530330301022,NA,PSRC
PSRC,530330301023,NA,PSRC
PSRC,530330302011,NA,PSRC
PSRC,530330302012,NA,PSRC
PSRC,530330302013,NA,PSRC
PSRC,530330302014,NA,PSRC
PSRC,530330302031,NA,PSRC
PSRC,530330302032,NA,PSRC
PSRC,530330302033,NA,PSRC
PSRC,530330302041,NA,PSRC
PSRC,530330302042,NA,PSRC
PSRC,530330302043,NA,PSRC
PSRC,530330303041,NA,PSRC
PSRC,530330303042,NA,PSRC
PSRC,530330303043,NA,PSRC
PSRC,530330303051,NA,PSRC
PSRC,530330303052,NA,PSRC
PSRC,530330303053,NA,PSRC
PSRC,530330303061,NA,PSRC
PSRC,530330303062,NA,PSRC
PSRC,530330303063,NA,PSRC
PSRC,530330303064,NA,PSRC
PSRC,530330303081,NA,PSRC
PSRC,530330303082,NA,PSRC
PSRC,530330303083,NA,PSRC
PSRC,530330303084,NA,PSRC
PSRC,530330303091,NA,PSRC
PSRC,530330303092,NA,PSRC
PSRC,530330303093,NA,PSRC
PSRC,530330303094,NA,PSRC
PSRC,530330303101,NA,PSRC
PSRC,530330303102,NA,PSRC
PSRC,530330303103,NA,PSRC
PSRC,530330303104,NA,PSRC
PSRC,530330303111,NA,PSRC
PSRC,530330303112,NA,PSRC
PSRC,530330303113,NA,PSRC
PSRC,530330303114,NA,PSRC
PSRC,530330303121,NA,PSRC
PSRC,530330303122,NA,PSRC
PSRC,530330303123,NA,PSRC
PSRC,530330303124,NA,PSRC
PSRC,530330303131,NA,PSRC
PSRC,530330303132,NA,PSRC
PSRC,530330303133,NA,PSRC
PSRC,530330303141,NA,PSRC
PSRC,530330303142,NA,PSRC
PSRC,530330303143,NA,PSRC
PSRC,530330304031,NA,PSRC
PSRC,530330304032,NA,PSRC
PSRC,530330304033,NA,PSRC
PSRC,530330304041,NA,PSRC
PSRC,530330304042,NA,PSRC
PSRC,530330304043,NA,PSRC
PSRC,530330304051,NA,PSRC
PSRC,530330304052,NA,PSRC
PSRC,530330304053,NA,PSRC
PSRC,530330304061,NA,PSRC
PSRC,530330304062,NA,PSRC
PSRC,530330304071,NA,PSRC
PSRC,530330304072,NA,PSRC
PSRC,530330305011,NA,PSRC
PSRC,530330305012,NA,PSRC
PSRC,530330305031,NA,PSRC
PSRC,530330305032,NA,PSRC
PSRC,530330305033,NA,PSRC
PSRC,530330305041,NA,PSRC
PSRC,530330305042,NA,PSRC
PSRC,530330305043,NA,PSRC
PSRC,530330305044,NA,PSRC
PSRC,530330306001,NA,PSRC
PSRC,530330306002,NA,PSRC
PSRC,530330306003,NA,PSRC
PSRC,530330306004,NA,PSRC
PSRC,530330307001,NA,PSRC
PSRC,530330307002,NA,PSRC
PSRC,530330307003,NA,PSRC
PSRC,530330308011,NA,PSRC
PSRC,530330308012,NA,PSRC
PSRC,530330308013,NA,PSRC
PSRC,530330308014,NA,PSRC
PSRC,530330308021,NA,PSRC
PSRC,530330308022,NA,PSRC
PSRC,530330309011,NA,PSRC
PSRC,530330309012,NA,PSRC
PSRC,530330309013,NA,PSRC
PSRC,530330309021,NA,PSRC
PSRC,530330309022,NA,PSRC
PSRC,530330309023,NA,PSRC
PSRC,530330309024,NA,PSRC
PSRC,530330310001,NA,PSRC
PSRC,530330310002,NA,PSRC
PSRC,530330310003,NA,PSRC
PSRC,530330311011,NA,PSRC
PSRC,530330311012,NA,PSRC
PSRC,530330311013,NA,PSRC
PSRC,530330311021,NA,PSRC
PSRC,530330311022,NA,PSRC
PSRC,530330311023,NA,PSRC
PSRC,530330312021,NA,PSRC
PSRC,530330312022,NA,PSRC
PSRC,530330312023,NA,PSRC
PSRC,530330312024,NA,PSRC
PSRC,530330312025,NA,PSRC
PSRC,530330312041,NA,PSRC
PSRC,530330312042,NA,PSRC
PSRC,530330312043,NA,PSRC
PSRC,530330312044,NA,PSRC
PSRC,530330312045,NA,PSRC
PSRC,530330312061,NA,PSRC
PSRC,530330312062,NA,PSRC
PSRC,530330312063,NA,PSRC
PSRC,530330312071,NA,PSRC
PSRC,530330312072,NA,PSRC
PSRC,530330312073,NA,PSRC
PSRC,530330312081,NA,PSRC
PSRC,530330312082,NA,PSRC
PSRC,530330312083,NA,PSRC
PSRC,530330313011,NA,PSRC
PSRC,530330313012,NA,PSRC
PSRC,530330313021,NA,PSRC
PSRC,530330313022,NA,PSRC
PSRC,530330313023,NA,PSRC
PSRC,530330313024,NA,PSRC
PSRC,530330314001,NA,PSRC
PSRC,530330314002,NA,PSRC
PSRC,530330314003,NA,PSRC
PSRC,530330314004,NA,PSRC
PSRC,530330315011,NA,PSRC
PSRC,530330315012,NA,PSRC
PSRC,530330315013,NA,PSRC
PSRC,530330315021,NA,PSRC
PSRC,530330315022,NA,PSRC
PSRC,530330315023,NA,PSRC
PSRC,530330316011,NA,PSRC
PSRC,530330316012,NA,PSRC
PSRC,530330316013,NA,PSRC
PSRC,530330316014,NA,PSRC
PSRC,530330316031,NA,PSRC
PSRC,530330316032,NA,PSRC
PSRC,530330316033,NA,PSRC
PSRC,530330316034,NA,PSRC
PSRC,530330316041,NA,PSRC
PSRC,530330316042,NA,PSRC
PSRC,530330316043,NA,PSRC
PSRC,530330316044,NA,PSRC
PSRC,530330316051,NA,PSRC
PSRC,530330316052,NA,PSRC
PSRC,530330316053,NA,PSRC
PSRC,530330317041,NA,PSRC
PSRC,530330317042,NA,PSRC
PSRC,530330317043,NA,PSRC
PSRC,530330317044,NA,PSRC
PSRC,530330317051,NA,PSRC
PSRC,530330317052,NA,PSRC
PSRC,530330317053,NA,PSRC
PSRC,530330317071,NA,PSRC
PSRC,530330317072,NA,PSRC
PSRC,530330317073,NA,PSRC
PSRC,530330317081,NA,PSRC
PSRC,530330317082,NA,PSRC
PSRC,530330317083,NA,PSRC
PSRC,530330317091,NA,PSRC
PSRC,530330317092,NA,PSRC
PSRC,530330317093,NA,PSRC
PSRC,530330317101,NA,PSRC
PSRC,530330317102,NA,PSRC
PSRC,530330318001,NA,PSRC
PSRC,530330318002,NA,PSRC
PSRC,530330318003,NA,PSRC
PSRC,530330319041,NA,PSRC
PSRC,530330319042,NA,PSRC
PSRC,530330319061,NA,PSRC
PSRC,530330319062,NA,PSRC
PSRC,530330319081,NA,PSRC
PSRC,530330319082,NA,PSRC
PSRC,530330319083,NA,PSRC
PSRC,530330319091,NA,PSRC
PSRC,530330319092,NA,PSRC
PSRC,530330319101,NA,PSRC
PSRC,530330319102,NA,PSRC
PSRC,530330319103,NA,PSRC
PSRC,530330319111,NA,PSRC
PSRC,530330319112,NA,PSRC
PSRC,530330319113,NA,PSRC
PSRC,530330319121,NA,PSRC
PSRC,530330319122,NA,PSRC
PSRC,530330319123,NA,PSRC
PSRC,530330319131,NA,PSRC
PSRC,530330319132,NA,PSRC
PSRC,530330319133,NA,PSRC
PSRC,530330320021,NA,PSRC
PSRC,530330320022,NA,PSRC
PSRC,530330320031,NA,PSRC
PSRC,530330320032,NA,PSRC
PSRC,530330320033,NA,PSRC
PSRC,530330320034,NA,PSRC
PSRC,530330320051,NA,PSRC
PSRC,530330320052,NA,PSRC
PSRC,530330320053,NA,PSRC
PSRC,530330320054,NA,PSRC
PSRC,530330320055,NA,PSRC
PSRC,530330320061,NA,PSRC
PSRC,530330320062,NA,PSRC
PSRC,530330320063,NA,PSRC
PSRC,530330320071,NA,PSRC
PSRC,530330320072,NA,PSRC
PSRC,530330320073,NA,PSRC
PSRC,530330320081,NA,PSRC
PSRC,530330320082,NA,PSRC
PSRC,530330320083,NA,PSRC
PSRC,530330320101,NA,PSRC
PSRC,530330320102,NA,PSRC
PSRC,530330320103,NA,PSRC
PSRC,530330320104,NA,PSRC
PSRC,530330320111,NA,PSRC
PSRC,530330320112,NA,PSRC
PSRC,530330320113,NA,PSRC
PSRC,530330321021,NA,PSRC
PSRC,530330321022,NA,PSRC
PSRC,530330321023,NA,PSRC
PSRC,530330321024,NA,PSRC
PSRC,530330321031,NA,PSRC
PSRC,530330321032,NA,PSRC
PSRC,530330321033,NA,PSRC
PSRC,530330321034,NA,PSRC
PSRC,530330321041,NA,PSRC
PSRC,530330321042,NA,PSRC
PSRC,530330321043,NA,PSRC
PSRC,530330322071,NA,PSRC
PSRC,530330322072,NA,PSRC
PSRC,530330322073,NA,PSRC
PSRC,530330322111,NA,PSRC
PSRC,530330322112,NA,PSRC
PSRC,530330322113,NA,PSRC
PSRC,530330322131,NA,PSRC
PSRC,530330322132,NA,PSRC
PSRC,530330322133,NA,PSRC
PSRC,530330322151,NA,PSRC
PSRC,530330322152,NA,PSRC
PSRC,530330322153,NA,PSRC
PSRC,530330322161,NA,PSRC
PSRC,530330322162,NA,PSRC
PSRC,530330322163,NA,PSRC
PSRC,530330322171,NA,PSRC
PSRC,530330322172,NA,PSRC
PSRC,530330322173,NA,PSRC
PSRC,530330322181,NA,PSRC
PSRC,530330322182,NA,PSRC
PSRC,530330322183,NA,PSRC
PSRC,530330322191,NA,PSRC
PSRC,530330322192,NA,PSRC
PSRC,530330322193,NA,PSRC
PSRC,530330322201,NA,PSRC
PSRC,530330322202,NA,PSRC
PSRC,530330322203,NA,PSRC
PSRC,530330322204,NA,PSRC
PSRC,530330322211,NA,PSRC
PSRC,530330322212,NA,PSRC
PSRC,530330322213,NA,PSRC
PSRC,530330322214,NA,PSRC
PSRC,530330322215,NA,PSRC
PSRC,530330322221,NA,PSRC
PSRC,530330322222,NA,PSRC
PSRC,530330322223,NA,PSRC
PSRC,530330322231,NA,PSRC
PSRC,530330322232,NA,PSRC
PSRC,530330322233,NA,PSRC
PSRC,530330322241,NA,PSRC
PSRC,530330322242,NA,PSRC
PSRC,530330322251,NA,PSRC
PSRC,530330322252,NA,PSRC
PSRC,530330322253,NA,PSRC
PSRC,530330323071,NA,PSRC
PSRC,530330323072,NA,PSRC
PSRC,530330323073,NA,PSRC
PSRC,530330323074,NA,PSRC
PSRC,530330323111,NA,PSRC
PSRC,530330323112,NA,PSRC
PSRC,530330323113,NA,PSRC
PSRC,530330323114,NA,PSRC
PSRC,530330323131,NA,PSRC
PSRC,530330323132,NA,PSRC
PSRC,530330323133,NA,PSRC
PSRC,530330323134,NA,PSRC
PSRC,530330323151,NA,PSRC
PSRC,530330323152,NA,PSRC
PSRC,530330323153,NA,PSRC
PSRC,530330323154,NA,PSRC
PSRC,530330323161,NA,PSRC
PSRC,530330323162,NA,PSRC
PSRC,530330323163,NA,PSRC
PSRC,530330323164,NA,PSRC
PSRC,530330323171,NA,PSRC
PSRC,530330323172,NA,PSRC
PSRC,530330323173,NA,PSRC
PSRC,530330323174,NA,PSRC
PSRC,530330323175,NA,PSRC
PSRC,530330323181,NA,PSRC
PSRC,530330323182,NA,PSRC
PSRC,530330323183,NA,PSRC
PSRC,530330323184,NA,PSRC
PSRC,530330323191,NA,PSRC
PSRC,530330323192,NA,PSRC
PSRC,530330323193,NA,PSRC
PSRC,530330323201,NA,PSRC
PSRC,530330323202,NA,PSRC
PSRC,530330323203,NA,PSRC
PSRC,530330323211,NA,PSRC
PSRC,530330323212,NA,PSRC
PSRC,530330323213,NA,PSRC
PSRC,530330323214,NA,PSRC
PSRC,530330323221,NA,PSRC
PSRC,530330323222,NA,PSRC
PSRC,530330323223,NA,PSRC
PSRC,530330323231,NA,PSRC
PSRC,530330323232,NA,PSRC
PSRC,530330323233,NA,PSRC
PSRC,530330323234,NA,PSRC
PSRC,530330323241,NA,PSRC
PSRC,530330323242,NA,PSRC
PSRC,530330323243,NA,PSRC
PSRC,530330323244,NA,PSRC
PSRC,530330323251,NA,PSRC
PSRC,530330323252,NA,PSRC
PSRC,530330323253,NA,PSRC
PSRC,530330323254,NA,PSRC
PSRC,530330323261,NA,PSRC
PSRC,530330323262,NA,PSRC
PSRC,530330323263,NA,PSRC
PSRC,530330323271,NA,PSRC
PSRC,530330323272,NA,PSRC
PSRC,530330323273,NA,PSRC
PSRC,530330323281,NA,PSRC
PSRC,530330323282,NA,PSRC
PSRC,530330323301,NA,PSRC
PSRC,530330323302,NA,PSRC
PSRC,530330323303,NA,PSRC
PSRC,530330323311,NA,PSRC
PSRC,530330323312,NA,PSRC
PSRC,530330323313,NA,PSRC
PSRC,530330323321,NA,PSRC
PSRC,530330323322,NA,PSRC
PSRC,530330323323,NA,PSRC
PSRC,530330323331,NA,PSRC
PSRC,530330323332,NA,PSRC
PSRC,530330324011,NA,PSRC
PSRC,530330324012,NA,PSRC
PSRC,530330324013,NA,PSRC
PSRC,530330324014,NA,PSRC
PSRC,530330324021,NA,PSRC
PSRC,530330324022,NA,PSRC
PSRC,530330324023,NA,PSRC
PSRC,530330324024,NA,PSRC
PSRC,530330325001,NA,PSRC
PSRC,530330325002,NA,PSRC
PSRC,530330325003,NA,PSRC
PSRC,530330325004,NA,PSRC
PSRC,530330326011,NA,PSRC
PSRC,530330326012,NA,PSRC
PSRC,530330326031,NA,PSRC
PSRC,530330326032,NA,PSRC
PSRC,530330326033,NA,PSRC
PSRC,530330326041,NA,PSRC
PSRC,530330326042,NA,PSRC
PSRC,530330326043,NA,PSRC
PSRC,530330326051,NA,PSRC
PSRC,530330326052,NA,PSRC
PSRC,530330326053,NA,PSRC
PSRC,530330327031,NA,PSRC
PSRC,530330327032,NA,PSRC
PSRC,530330327041,NA,PSRC
PSRC,530330327042,NA,PSRC
PSRC,530330327043,NA,PSRC
PSRC,530330327044,NA,PSRC
PSRC,530330327051,NA,PSRC
PSRC,530330327052,NA,PSRC
PSRC,530330327053,NA,PSRC
PSRC,530330327061,NA,PSRC
PSRC,530330327062,NA,PSRC
PSRC,530330327063,NA,PSRC
PSRC,530330328001,NA,PSRC
PSRC,530330328002,NA,PSRC
PSRC,530330328003,NA,PSRC
PSRC,530339901000,NA,PSRC
PSRC,530350801011,NA,PSRC
PSRC,530350801012,NA,PSRC
PSRC,530350801021,NA,PSRC
PSRC,530350801022,NA,PSRC
PSRC,530350801023,NA,PSRC
PSRC,530350802001,NA,PSRC
PSRC,530350802002,NA,PSRC
PSRC,530350803001,NA,PSRC
PSRC,530350803002,NA,PSRC
PSRC,530350803003,NA,PSRC
PSRC,530350804001,NA,PSRC
PSRC,530350804002,NA,PSRC
PSRC,530350804003,NA,PSRC
PSRC,530350805001,NA,PSRC
PSRC,530350805002,NA,PSRC
PSRC,530350805003,NA,PSRC
PSRC,530350806001,NA,PSRC
PSRC,530350806002,NA,PSRC
PSRC,530350806003,NA,PSRC
PSRC,530350806004,NA,PSRC
PSRC,530350807001,NA,PSRC
PSRC,530350807002,NA,PSRC
PSRC,530350807003,NA,PSRC
PSRC,530350808001,NA,PSRC
PSRC,530350808002,NA,PSRC
PSRC,530350809001,NA,PSRC
PSRC,530350809002,NA,PSRC
PSRC,530350809003,NA,PSRC
PSRC,530350809004,NA,PSRC
PSRC,530350810001,NA,PSRC
PSRC,530350810002,NA,PSRC
PSRC,530350810003,NA,PSRC
PSRC,530350811001,NA,PSRC
PSRC,530350811002,NA,PSRC
PSRC,530350812001,NA,PSRC
PSRC,530350812002,NA,PSRC
PSRC,530350814001,NA,PSRC
PSRC,530350901011,NA,PSRC
PSRC,530350901012,NA,PSRC
PSRC,530350901013,NA,PSRC
PSRC,530350901014,NA,PSRC
PSRC,530350901021,NA,PSRC
PSRC,530350901022,NA,PSRC
PSRC,530350901023,NA,PSRC
PSRC,530350901024,NA,PSRC
PSRC,530350902011,NA,PSRC
PSRC,530350902012,NA,PSRC
PSRC,530350902013,NA,PSRC
PSRC,530350902014,NA,PSRC
PSRC,530350902021,NA,PSRC
PSRC,530350902022,NA,PSRC
PSRC,530350902023,NA,PSRC
PSRC,530350902024,NA,PSRC
PSRC,530350903001,NA,PSRC
PSRC,530350903002,NA,PSRC
PSRC,530350903003,NA,PSRC
PSRC,530350903004,NA,PSRC
PSRC,530350903005,NA,PSRC
PSRC,530350904001,NA,PSRC
PSRC,530350904002,NA,PSRC
PSRC,530350904003,NA,PSRC
PSRC,530350905011,NA,PSRC
PSRC,530350905012,NA,PSRC
PSRC,530350905013,NA,PSRC
PSRC,530350905014,NA,PSRC
PSRC,530350905021,NA,PSRC
PSRC,530350905022,NA,PSRC
PSRC,530350905023,NA,PSRC
PSRC,530350907001,NA,PSRC
PSRC,530350907002,NA,PSRC
PSRC,530350907003,NA,PSRC
PSRC,530350907004,NA,PSRC
PSRC,530350908001,NA,PSRC
PSRC,530350908002,NA,PSRC
PSRC,530350908003,NA,PSRC
PSRC,530350909011,NA,PSRC
PSRC,530350909012,NA,PSRC
PSRC,530350909013,NA,PSRC
PSRC,530350909021,NA,PSRC
PSRC,530350909022,NA,PSRC
PSRC,530350909023,NA,PSRC
PSRC,530350910011,NA,PSRC
PSRC,530350910012,NA,PSRC
PSRC,530350910013,NA,PSRC
PSRC,530350910021,NA,PSRC
PSRC,530350910022,NA,PSRC
PSRC,530350910023,NA,PSRC
PSRC,530350911001,NA,PSRC
PSRC,530350911002,NA,PSRC
PSRC,530350911003,NA,PSRC
PSRC,530350912011,NA,PSRC
PSRC,530350912012,NA,PSRC
PSRC,530350912013,NA,PSRC
PSRC,530350912041,NA,PSRC
PSRC,530350912042,NA,PSRC
PSRC,530350912043,NA,PSRC
PSRC,530350912051,NA,PSRC
PSRC,530350912052,NA,PSRC
PSRC,530350912053,NA,PSRC
PSRC,530350912061,NA,PSRC
PSRC,530350912062,NA,PSRC
PSRC,530350912063,NA,PSRC
PSRC,530350913011,NA,PSRC
PSRC,530350913012,NA,PSRC
PSRC,530350913013,NA,PSRC
PSRC,530350913021,NA,PSRC
PSRC,530350913022,NA,PSRC
PSRC,530350913023,NA,PSRC
PSRC,530350913024,NA,PSRC
PSRC,530350913025,NA,PSRC
PSRC,530350914001,NA,PSRC
PSRC,530350914002,NA,PSRC
PSRC,530350915001,NA,PSRC
PSRC,530350915002,NA,PSRC
PSRC,530350915003,NA,PSRC
PSRC,530350916001,NA,PSRC
PSRC,530350916002,NA,PSRC
PSRC,530350916003,NA,PSRC
PSRC,530350916004,NA,PSRC
PSRC,530350917011,NA,PSRC
PSRC,530350917012,NA,PSRC
PSRC,530350917013,NA,PSRC
PSRC,530350917021,NA,PSRC
PSRC,530350917022,NA,PSRC
PSRC,530350917023,NA,PSRC
PSRC,530350918001,NA,PSRC
PSRC,530350918002,NA,PSRC
PSRC,530350919001,NA,PSRC
PSRC,530350919002,NA,PSRC
PSRC,530350919003,NA,PSRC
PSRC,530350920001,NA,PSRC
PSRC,530350920002,NA,PSRC
PSRC,530350920003,NA,PSRC
PSRC,530350920004,NA,PSRC
PSRC,530350921011,NA,PSRC
PSRC,530350921012,NA,PSRC
PSRC,530350921013,NA,PSRC
PSRC,530350921021,NA,PSRC
PSRC,530350921022,NA,PSRC
PSRC,530350921023,NA,PSRC
PSRC,530350922001,NA,PSRC
PSRC,530350922002,NA,PSRC
PSRC,530350922003,NA,PSRC
PSRC,530350922004,NA,PSRC
PSRC,530350923001,NA,PSRC
PSRC,530350923002,NA,PSRC
PSRC,530350923003,NA,PSRC
PSRC,530350923004,NA,PSRC
PSRC,530350924001,NA,PSRC
PSRC,530350924002,NA,PSRC
PSRC,530350924003,NA,PSRC
PSRC,530350924004,NA,PSRC
PSRC,530350925001,NA,PSRC
PSRC,530350925002,NA,PSRC
PSRC,530350925003,NA,PSRC
PSRC,530350925004,NA,PSRC
PSRC,530350926001,NA,PSRC
PSRC,530350926002,NA,PSRC
PSRC,530350926003,NA,PSRC
PSRC,530350926004,NA,PSRC
PSRC,530350927011,NA,PSRC
PSRC,530350927012,NA,PSRC
PSRC,530350927013,NA,PSRC
PSRC,530350927041,NA,PSRC
PSRC,530350927042,NA,PSRC
PSRC,530350927043,NA,PSRC
PSRC,530350928011,NA,PSRC
PSRC,530350928012,NA,PSRC
PSRC,530350928013,NA,PSRC
PSRC,530350928021,NA,PSRC
PSRC,530350928022,NA,PSRC
PSRC,530350928023,NA,PSRC
PSRC,530350928031,NA,PSRC
PSRC,530350928032,NA,PSRC
PSRC,530350929011,NA,PSRC
PSRC,530350929012,NA,PSRC
PSRC,530350929013,NA,PSRC
PSRC,530350929014,NA,PSRC
PSRC,530350929021,NA,PSRC
PSRC,530350929022,NA,PSRC
PSRC,530350929023,NA,PSRC
PSRC,530350929024,NA,PSRC
PSRC,530359400001,NA,PSRC
PSRC,530359400002,NA,PSRC
PSRC,530359400003,NA,PSRC
PSRC,530359401001,NA,PSRC
PSRC,530359401002,NA,PSRC
PSRC,530359401003,NA,PSRC
PSRC,530359401004,NA,PSRC
PSRC,530359901000,NA,PSRC
PSRC,530530602001,NA,PSRC
PSRC,530530603001,NA,PSRC
PSRC,530530603002,NA,PSRC
PSRC,530530603003,NA,PSRC
PSRC,530530604001,NA,PSRC
PSRC,530530604002,NA,PSRC
PSRC,530530604003,NA,PSRC
PSRC,530530605001,NA,PSRC
PSRC,530530605002,NA,PSRC
PSRC,530530605003,NA,PSRC
PSRC,530530606001,NA,PSRC
PSRC,530530606002,NA,PSRC
PSRC,530530606003,NA,PSRC
PSRC,530530606004,NA,PSRC
PSRC,530530607001,NA,PSRC
PSRC,530530607002,NA,PSRC
PSRC,530530607003,NA,PSRC
PSRC,530530607004,NA,PSRC
PSRC,530530607005,NA,PSRC
PSRC,530530608001,NA,PSRC
PSRC,530530608002,NA,PSRC
PSRC,530530608003,NA,PSRC
PSRC,530530608004,NA,PSRC
PSRC,530530609031,NA,PSRC
PSRC,530530609032,NA,PSRC
PSRC,530530609033,NA,PSRC
PSRC,530530609041,NA,PSRC
PSRC,530530609042,NA,PSRC
PSRC,530530609043,NA,PSRC
PSRC,530530609044,NA,PSRC
PSRC,530530609061,NA,PSRC
PSRC,530530609062,NA,PSRC
PSRC,530530609071,NA,PSRC
PSRC,530530609072,NA,PSRC
PSRC,530530609073,NA,PSRC
PSRC,530530609081,NA,PSRC
PSRC,530530609082,NA,PSRC
PSRC,530530610011,NA,PSRC
PSRC,530530610012,NA,PSRC
PSRC,530530610013,NA,PSRC
PSRC,530530610021,NA,PSRC
PSRC,530530610022,NA,PSRC
PSRC,530530610023,NA,PSRC
PSRC,530530611001,NA,PSRC
PSRC,530530611002,NA,PSRC
PSRC,530530611003,NA,PSRC
PSRC,530530611004,NA,PSRC
PSRC,530530611005,NA,PSRC
PSRC,530530612001,NA,PSRC
PSRC,530530612002,NA,PSRC
PSRC,530530612003,NA,PSRC
PSRC,530530612004,NA,PSRC
PSRC,530530613001,NA,PSRC
PSRC,530530613002,NA,PSRC
PSRC,530530613003,NA,PSRC
PSRC,530530613004,NA,PSRC
PSRC,530530614001,NA,PSRC
PSRC,530530614002,NA,PSRC
PSRC,530530614003,NA,PSRC
PSRC,530530615011,NA,PSRC
PSRC,530530615012,NA,PSRC
PSRC,530530615021,NA,PSRC
PSRC,530530615022,NA,PSRC
PSRC,530530616011,NA,PSRC
PSRC,530530616012,NA,PSRC
PSRC,530530616021,NA,PSRC
PSRC,530530617001,NA,PSRC
PSRC,530530617002,NA,PSRC
PSRC,530530617003,NA,PSRC
PSRC,530530617004,NA,PSRC
PSRC,530530618001,NA,PSRC
PSRC,530530618002,NA,PSRC
PSRC,530530619001,NA,PSRC
PSRC,530530619002,NA,PSRC
PSRC,530530620001,NA,PSRC
PSRC,530530620002,NA,PSRC
PSRC,530530620003,NA,PSRC
PSRC,530530623001,NA,PSRC
PSRC,530530623002,NA,PSRC
PSRC,530530623003,NA,PSRC
PSRC,530530623004,NA,PSRC
PSRC,530530624001,NA,PSRC
PSRC,530530624002,NA,PSRC
PSRC,530530624003,NA,PSRC
PSRC,530530624004,NA,PSRC
PSRC,530530625011,NA,PSRC
PSRC,530530625012,NA,PSRC
PSRC,530530625013,NA,PSRC
PSRC,530530625021,NA,PSRC
PSRC,530530625022,NA,PSRC
PSRC,530530626001,NA,PSRC
PSRC,530530626002,NA,PSRC
PSRC,530530626003,NA,PSRC
PSRC,530530628011,NA,PSRC
PSRC,530530628012,NA,PSRC
PSRC,530530628013,NA,PSRC
PSRC,530530628014,NA,PSRC
PSRC,530530628021,NA,PSRC
PSRC,530530628022,NA,PSRC
PSRC,530530628023,NA,PSRC
PSRC,530530629011,NA,PSRC
PSRC,530530629012,NA,PSRC
PSRC,530530629013,NA,PSRC
PSRC,530530629021,NA,PSRC
PSRC,530530629022,NA,PSRC
PSRC,530530629023,NA,PSRC
PSRC,530530630001,NA,PSRC
PSRC,530530630002,NA,PSRC
PSRC,530530631001,NA,PSRC
PSRC,530530631002,NA,PSRC
PSRC,530530631003,NA,PSRC
PSRC,530530632001,NA,PSRC
PSRC,530530632002,NA,PSRC
PSRC,530530632003,NA,PSRC
PSRC,530530632004,NA,PSRC
PSRC,530530633011,NA,PSRC
PSRC,530530633012,NA,PSRC
PSRC,530530633013,NA,PSRC
PSRC,530530633021,NA,PSRC
PSRC,530530633022,NA,PSRC
PSRC,530530633023,NA,PSRC
PSRC,530530634011,NA,PSRC
PSRC,530530634012,NA,PSRC
PSRC,530530634013,NA,PSRC
PSRC,530530634021,NA,PSRC
PSRC,530530634022,NA,PSRC
PSRC,530530634023,NA,PSRC
PSRC,530530635011,NA,PSRC
PSRC,530530635012,NA,PSRC
PSRC,530530635013,NA,PSRC
PSRC,530530635021,NA,PSRC
PSRC,530530635022,NA,PSRC
PSRC,530530635023,NA,PSRC
PSRC,530530635024,NA,PSRC
PSRC,530530701001,NA,PSRC
PSRC,530530701002,NA,PSRC
PSRC,530530701003,NA,PSRC
PSRC,530530701004,NA,PSRC
PSRC,530530702041,NA,PSRC
PSRC,530530702042,NA,PSRC
PSRC,530530702043,NA,PSRC
PSRC,530530702051,NA,PSRC
PSRC,530530702052,NA,PSRC
PSRC,530530702053,NA,PSRC
PSRC,530530702061,NA,PSRC
PSRC,530530702062,NA,PSRC
PSRC,530530702063,NA,PSRC
PSRC,530530702071,NA,PSRC
PSRC,530530702072,NA,PSRC
PSRC,530530702073,NA,PSRC
PSRC,530530702081,NA,PSRC
PSRC,530530702082,NA,PSRC
PSRC,530530702083,NA,PSRC
PSRC,530530702091,NA,PSRC
PSRC,530530702092,NA,PSRC
PSRC,530530702093,NA,PSRC
PSRC,530530703071,NA,PSRC
PSRC,530530703072,NA,PSRC
PSRC,530530703073,NA,PSRC
PSRC,530530703074,NA,PSRC
PSRC,530530703081,NA,PSRC
PSRC,530530703082,NA,PSRC
PSRC,530530703083,NA,PSRC
PSRC,530530703091,NA,PSRC
PSRC,530530703092,NA,PSRC
PSRC,530530703093,NA,PSRC
PSRC,530530703094,NA,PSRC
PSRC,530530703101,NA,PSRC
PSRC,530530703102,NA,PSRC
PSRC,530530703103,NA,PSRC
PSRC,530530703104,NA,PSRC
PSRC,530530703111,NA,PSRC
PSRC,530530703112,NA,PSRC
PSRC,530530703113,NA,PSRC
PSRC,530530703121,NA,PSRC
PSRC,530530703122,NA,PSRC
PSRC,530530703123,NA,PSRC
PSRC,530530703124,NA,PSRC
PSRC,530530703131,NA,PSRC
PSRC,530530703132,NA,PSRC
PSRC,530530703133,NA,PSRC
PSRC,530530703134,NA,PSRC
PSRC,530530703135,NA,PSRC
PSRC,530530703141,NA,PSRC
PSRC,530530703142,NA,PSRC
PSRC,530530703151,NA,PSRC
PSRC,530530703152,NA,PSRC
PSRC,530530703153,NA,PSRC
PSRC,530530703154,NA,PSRC
PSRC,530530703161,NA,PSRC
PSRC,530530703162,NA,PSRC
PSRC,530530703163,NA,PSRC
PSRC,530530703164,NA,PSRC
PSRC,530530704011,NA,PSRC
PSRC,530530704012,NA,PSRC
PSRC,530530704031,NA,PSRC
PSRC,530530704032,NA,PSRC
PSRC,530530704033,NA,PSRC
PSRC,530530704041,NA,PSRC
PSRC,530530704042,NA,PSRC
PSRC,530530704043,NA,PSRC
PSRC,530530704044,NA,PSRC
PSRC,530530707031,NA,PSRC
PSRC,530530707032,NA,PSRC
PSRC,530530707033,NA,PSRC
PSRC,530530707034,NA,PSRC
PSRC,530530707035,NA,PSRC
PSRC,530530711001,NA,PSRC
PSRC,530530711002,NA,PSRC
PSRC,530530712051,NA,PSRC
PSRC,530530712052,NA,PSRC
PSRC,530530712053,NA,PSRC
PSRC,530530712054,NA,PSRC
PSRC,530530712061,NA,PSRC
PSRC,530530712062,NA,PSRC
PSRC,530530712063,NA,PSRC
PSRC,530530712064,NA,PSRC
PSRC,530530712065,NA,PSRC
PSRC,530530712071,NA,PSRC
PSRC,530530712072,NA,PSRC
PSRC,530530712073,NA,PSRC
PSRC,530530712074,NA,PSRC
PSRC,530530712091,NA,PSRC
PSRC,530530712092,NA,PSRC
PSRC,530530712093,NA,PSRC
PSRC,530530712101,NA,PSRC
PSRC,530530712102,NA,PSRC
PSRC,530530712103,NA,PSRC
PSRC,530530712104,NA,PSRC
PSRC,530530712111,NA,PSRC
PSRC,530530712112,NA,PSRC
PSRC,530530712113,NA,PSRC
PSRC,530530712121,NA,PSRC
PSRC,530530712122,NA,PSRC
PSRC,530530712123,NA,PSRC
PSRC,530530713041,NA,PSRC
PSRC,530530713042,NA,PSRC
PSRC,530530713043,NA,PSRC
PSRC,530530713044,NA,PSRC
PSRC,530530713051,NA,PSRC
PSRC,530530713052,NA,PSRC
PSRC,530530713053,NA,PSRC
PSRC,530530713061,NA,PSRC
PSRC,530530713062,NA,PSRC
PSRC,530530713063,NA,PSRC
PSRC,530530713064,NA,PSRC
PSRC,530530713065,NA,PSRC
PSRC,530530713071,NA,PSRC
PSRC,530530713072,NA,PSRC
PSRC,530530713073,NA,PSRC
PSRC,530530713074,NA,PSRC
PSRC,530530713091,NA,PSRC
PSRC,530530713092,NA,PSRC
PSRC,530530713093,NA,PSRC
PSRC,530530713101,NA,PSRC
PSRC,530530713102,NA,PSRC
PSRC,530530713103,NA,PSRC
PSRC,530530713104,NA,PSRC
PSRC,530530714031,NA,PSRC
PSRC,530530714032,NA,PSRC
PSRC,530530714033,NA,PSRC
PSRC,530530714081,NA,PSRC
PSRC,530530714082,NA,PSRC
PSRC,530530714083,NA,PSRC
PSRC,530530714091,NA,PSRC
PSRC,530530714092,NA,PSRC
PSRC,530530714093,NA,PSRC
PSRC,530530714111,NA,PSRC
PSRC,530530714112,NA,PSRC
PSRC,530530714113,NA,PSRC
PSRC,530530714121,NA,PSRC
PSRC,530530714122,NA,PSRC
PSRC,530530714123,NA,PSRC
PSRC,530530714124,NA,PSRC
PSRC,530530714125,NA,PSRC
PSRC,530530714131,NA,PSRC
PSRC,530530714132,NA,PSRC
PSRC,530530714141,NA,PSRC
PSRC,530530714142,NA,PSRC
PSRC,530530714143,NA,PSRC
PSRC,530530714151,NA,PSRC
PSRC,530530714152,NA,PSRC
PSRC,530530714161,NA,PSRC
PSRC,530530714162,NA,PSRC
PSRC,530530714171,NA,PSRC
PSRC,530530714172,NA,PSRC
PSRC,530530715031,NA,PSRC
PSRC,530530715032,NA,PSRC
PSRC,530530715033,NA,PSRC
PSRC,530530715034,NA,PSRC
PSRC,530530715041,NA,PSRC
PSRC,530530715042,NA,PSRC
PSRC,530530715043,NA,PSRC
PSRC,530530715044,NA,PSRC
PSRC,530530715051,NA,PSRC
PSRC,530530715052,NA,PSRC
PSRC,530530715053,NA,PSRC
PSRC,530530715054,NA,PSRC
PSRC,530530715061,NA,PSRC
PSRC,530530715062,NA,PSRC
PSRC,530530715063,NA,PSRC
PSRC,530530715064,NA,PSRC
PSRC,530530716011,NA,PSRC
PSRC,530530716012,NA,PSRC
PSRC,530530716013,NA,PSRC
PSRC,530530716014,NA,PSRC
PSRC,530530716031,NA,PSRC
PSRC,530530716032,NA,PSRC
PSRC,530530716033,NA,PSRC
PSRC,530530716041,NA,PSRC
PSRC,530530716042,NA,PSRC
PSRC,530530716043,NA,PSRC
PSRC,530530717031,NA,PSRC
PSRC,530530717032,NA,PSRC
PSRC,530530717041,NA,PSRC
PSRC,530530717042,NA,PSRC
PSRC,530530717043,NA,PSRC
PSRC,530530717051,NA,PSRC
PSRC,530530717052,NA,PSRC
PSRC,530530717053,NA,PSRC
PSRC,530530717061,NA,PSRC
PSRC,530530717071,NA,PSRC
PSRC,530530717072,NA,PSRC
PSRC,530530718031,NA,PSRC
PSRC,530530718032,NA,PSRC
PSRC,530530718033,NA,PSRC
PSRC,530530718034,NA,PSRC
PSRC,530530718051,NA,PSRC
PSRC,530530718052,NA,PSRC
PSRC,530530718053,NA,PSRC
PSRC,530530718061,NA,PSRC
PSRC,530530718062,NA,PSRC
PSRC,530530718063,NA,PSRC
PSRC,530530718071,NA,PSRC
PSRC,530530718072,NA,PSRC
PSRC,530530718073,NA,PSRC
PSRC,530530718074,NA,PSRC
PSRC,530530718081,NA,PSRC
PSRC,530530718082,NA,PSRC
PSRC,530530718083,NA,PSRC
PSRC,530530719011,NA,PSRC
PSRC,530530719012,NA,PSRC
PSRC,530530719013,NA,PSRC
PSRC,530530719021,NA,PSRC
PSRC,530530719022,NA,PSRC
PSRC,530530719023,NA,PSRC
PSRC,530530719024,NA,PSRC
PSRC,530530720001,NA,PSRC
PSRC,530530720002,NA,PSRC
PSRC,530530720003,NA,PSRC
PSRC,530530721051,NA,PSRC
PSRC,530530721052,NA,PSRC
PSRC,530530721053,NA,PSRC
PSRC,530530721054,NA,PSRC
PSRC,530530721061,NA,PSRC
PSRC,530530721062,NA,PSRC
PSRC,530530721063,NA,PSRC
PSRC,530530721064,NA,PSRC
PSRC,530530721071,NA,PSRC
PSRC,530530721072,NA,PSRC
PSRC,530530721073,NA,PSRC
PSRC,530530721081,NA,PSRC
PSRC,530530721082,NA,PSRC
PSRC,530530721083,NA,PSRC
PSRC,530530721084,NA,PSRC
PSRC,530530721091,NA,PSRC
PSRC,530530721092,NA,PSRC
PSRC,530530721093,NA,PSRC
PSRC,530530721111,NA,PSRC
PSRC,530530721112,NA,PSRC
PSRC,530530721121,NA,PSRC
PSRC,530530721122,NA,PSRC
PSRC,530530721123,NA,PSRC
PSRC,530530723051,NA,PSRC
PSRC,530530723052,NA,PSRC
PSRC,530530723053,NA,PSRC
PSRC,530530723054,NA,PSRC
PSRC,530530723055,NA,PSRC
PSRC,530530723071,NA,PSRC
PSRC,530530723072,NA,PSRC
PSRC,530530723073,NA,PSRC
PSRC,530530723091,NA,PSRC
PSRC,530530723092,NA,PSRC
PSRC,530530723093,NA,PSRC
PSRC,530530723094,NA,PSRC
PSRC,530530723101,NA,PSRC
PSRC,530530723102,NA,PSRC
PSRC,530530723103,NA,PSRC
PSRC,530530723111,NA,PSRC
PSRC,530530723112,NA,PSRC
PSRC,530530723113,NA,PSRC
PSRC,530530723121,NA,PSRC
PSRC,530530723122,NA,PSRC
PSRC,530530723123,NA,PSRC
PSRC,530530723124,NA,PSRC
PSRC,530530723131,NA,PSRC
PSRC,530530723132,NA,PSRC
PSRC,530530723133,NA,PSRC
PSRC,530530723141,NA,PSRC
PSRC,530530723142,NA,PSRC
PSRC,530530723143,NA,PSRC
PSRC,530530723151,NA,PSRC
PSRC,530530723152,NA,PSRC
PSRC,530530724051,NA,PSRC
PSRC,530530724052,NA,PSRC
PSRC,530530724053,NA,PSRC
PSRC,530530724061,NA,PSRC
PSRC,530530724062,NA,PSRC
PSRC,530530724063,NA,PSRC
PSRC,530530724064,NA,PSRC
PSRC,530530724071,NA,PSRC
PSRC,530530724072,NA,PSRC
PSRC,530530724073,NA,PSRC
PSRC,530530724081,NA,PSRC
PSRC,530530724082,NA,PSRC
PSRC,530530724083,NA,PSRC
PSRC,530530724084,NA,PSRC
PSRC,530530724091,NA,PSRC
PSRC,530530724092,NA,PSRC
PSRC,530530724101,NA,PSRC
PSRC,530530724102,NA,PSRC
PSRC,530530724103,NA,PSRC
PSRC,530530725031,NA,PSRC
PSRC,530530725032,NA,PSRC
PSRC,530530725033,NA,PSRC
PSRC,530530725041,NA,PSRC
PSRC,530530725042,NA,PSRC
PSRC,530530725043,NA,PSRC
PSRC,530530725061,NA,PSRC
PSRC,530530725062,NA,PSRC
PSRC,530530725063,NA,PSRC
PSRC,530530725071,NA,PSRC
PSRC,530530725072,NA,PSRC
PSRC,530530725073,NA,PSRC
PSRC,530530725081,NA,PSRC
PSRC,530530725082,NA,PSRC
PSRC,530530725083,NA,PSRC
PSRC,530530725091,NA,PSRC
PSRC,530530725092,NA,PSRC
PSRC,530530725093,NA,PSRC
PSRC,530530726011,NA,PSRC
PSRC,530530726012,NA,PSRC
PSRC,530530726013,NA,PSRC
PSRC,530530726014,NA,PSRC
PSRC,530530726021,NA,PSRC
PSRC,530530726022,NA,PSRC
PSRC,530530726023,NA,PSRC
PSRC,530530726031,NA,PSRC
PSRC,530530726032,NA,PSRC
PSRC,530530726033,NA,PSRC
PSRC,530530726034,NA,PSRC
PSRC,530530726035,NA,PSRC
PSRC,530530728011,NA,PSRC
PSRC,530530728012,NA,PSRC
PSRC,530530728013,NA,PSRC
PSRC,530530728021,NA,PSRC
PSRC,530530728022,NA,PSRC
PSRC,530530728023,NA,PSRC
PSRC,530530729011,NA,PSRC
PSRC,530530729031,NA,PSRC
PSRC,530530729032,NA,PSRC
PSRC,530530729071,NA,PSRC
PSRC,530530729072,NA,PSRC
PSRC,530530729073,NA,PSRC
PSRC,530530729081,NA,PSRC
PSRC,530530729082,NA,PSRC
PSRC,530530729083,NA,PSRC
PSRC,530530729084,NA,PSRC
PSRC,530530729091,NA,PSRC
PSRC,530530729092,NA,PSRC
PSRC,530530730011,NA,PSRC
PSRC,530530730012,NA,PSRC
PSRC,530530730013,NA,PSRC
PSRC,530530730014,NA,PSRC
PSRC,530530730015,NA,PSRC
PSRC,530530730051,NA,PSRC
PSRC,530530730052,NA,PSRC
PSRC,530530730053,NA,PSRC
PSRC,530530730054,NA,PSRC
PSRC,530530730061,NA,PSRC
PSRC,530530730062,NA,PSRC
PSRC,530530730063,NA,PSRC
PSRC,530530731101,NA,PSRC
PSRC,530530731102,NA,PSRC
PSRC,530530731103,NA,PSRC
PSRC,530530731111,NA,PSRC
PSRC,530530731112,NA,PSRC
PSRC,530530731113,NA,PSRC
PSRC,530530731141,NA,PSRC
PSRC,530530731142,NA,PSRC
PSRC,530530731143,NA,PSRC
PSRC,530530731144,NA,PSRC
PSRC,530530731151,NA,PSRC
PSRC,530530731152,NA,PSRC
PSRC,530530731153,NA,PSRC
PSRC,530530731161,NA,PSRC
PSRC,530530731162,NA,PSRC
PSRC,530530731163,NA,PSRC
PSRC,530530731171,NA,PSRC
PSRC,530530731172,NA,PSRC
PSRC,530530731173,NA,PSRC
PSRC,530530731181,NA,PSRC
PSRC,530530731182,NA,PSRC
PSRC,530530731183,NA,PSRC
PSRC,530530731184,NA,PSRC
PSRC,530530731191,NA,PSRC
PSRC,530530731192,NA,PSRC
PSRC,530530731201,NA,PSRC
PSRC,530530731202,NA,PSRC
PSRC,530530731203,NA,PSRC
PSRC,530530731211,NA,PSRC
PSRC,530530731212,NA,PSRC
PSRC,530530731213,NA,PSRC
PSRC,530530731221,NA,PSRC
PSRC,530530731222,NA,PSRC
PSRC,530530731223,NA,PSRC
PSRC,530530731231,NA,PSRC
PSRC,530530731232,NA,PSRC
PSRC,530530731233,NA,PSRC
PSRC,530530731241,NA,PSRC
PSRC,530530731242,NA,PSRC
PSRC,530530731261,NA,PSRC
PSRC,530530731262,NA,PSRC
PSRC,530530731263,NA,PSRC
PSRC,530530731271,NA,PSRC
PSRC,530530731272,NA,PSRC
PSRC,530530731281,NA,PSRC
PSRC,530530731282,NA,PSRC
PSRC,530530731283,NA,PSRC
PSRC,530530731284,NA,PSRC
PSRC,530530731291,NA,PSRC
PSRC,530530731292,NA,PSRC
PSRC,530530731293,NA,PSRC
PSRC,530530731301,NA,PSRC
PSRC,530530731302,NA,PSRC
PSRC,530530731303,NA,PSRC
PSRC,530530731311,NA,PSRC
PSRC,530530731312,NA,PSRC
PSRC,530530731321,NA,PSRC
PSRC,530530731322,NA,PSRC
PSRC,530530731323,NA,PSRC
PSRC,530530731331,NA,PSRC
PSRC,530530731332,NA,PSRC
PSRC,530530731333,NA,PSRC
PSRC,530530732001,NA,PSRC
PSRC,530530732002,NA,PSRC
PSRC,530530732003,NA,PSRC
PSRC,530530732004,NA,PSRC
PSRC,530530732005,NA,PSRC
PSRC,530530733011,NA,PSRC
PSRC,530530733012,NA,PSRC
PSRC,530530733013,NA,PSRC
PSRC,530530733014,NA,PSRC
PSRC,530530733015,NA,PSRC
PSRC,530530733021,NA,PSRC
PSRC,530530733022,NA,PSRC
PSRC,530530733023,NA,PSRC
PSRC,530530734041,NA,PSRC
PSRC,530530734042,NA,PSRC
PSRC,530530734043,NA,PSRC
PSRC,530530734044,NA,PSRC
PSRC,530530734045,NA,PSRC
PSRC,530530734051,NA,PSRC
PSRC,530530734052,NA,PSRC
PSRC,530530734053,NA,PSRC
PSRC,530530734061,NA,PSRC
PSRC,530530734062,NA,PSRC
PSRC,530530734063,NA,PSRC
PSRC,530530734064,NA,PSRC
PSRC,530530734071,NA,PSRC
PSRC,530530734072,NA,PSRC
PSRC,530530734073,NA,PSRC
PSRC,530530734081,NA,PSRC
PSRC,530530734082,NA,PSRC
PSRC,530530734083,NA,PSRC
PSRC,530530735011,NA,PSRC
PSRC,530530735012,NA,PSRC
PSRC,530530735013,NA,PSRC
PSRC,530530735021,NA,PSRC
PSRC,530530735022,NA,PSRC
PSRC,530530735023,NA,PSRC
PSRC,530539400011,NA,PSRC
PSRC,530539400012,NA,PSRC
PSRC,530539400021,NA,PSRC
PSRC,530539400022,NA,PSRC
PSRC,530539400023,NA,PSRC
PSRC,530539400024,NA,PSRC
PSRC,530539400041,NA,PSRC
PSRC,530539400042,NA,PSRC
PSRC,530539400043,NA,PSRC
PSRC,530539400044,NA,PSRC
PSRC,530539400045,NA,PSRC
PSRC,530539400051,NA,PSRC
PSRC,530539400052,NA,PSRC
PSRC,530539400053,NA,PSRC
PSRC,530539400054,NA,PSRC
PSRC,530539400061,NA,PSRC
PSRC,530539400062,NA,PSRC
PSRC,530539400071,NA,PSRC
PSRC,530539400072,NA,PSRC
PSRC,530539400081,NA,PSRC
PSRC,530539400082,NA,PSRC
PSRC,530539400083,NA,PSRC
PSRC,530539400084,NA,PSRC
PSRC,530539400091,NA,PSRC
PSRC,530539400092,NA,PSRC
PSRC,530539400101,NA,PSRC
PSRC,530539400102,NA,PSRC
PSRC,530539400103,NA,PSRC
PSRC,530539400111,NA,PSRC
PSRC,530539400112,NA,PSRC
PSRC,530539400113,NA,PSRC
PSRC,530539400121,NA,PSRC
PSRC,530539400122,NA,PSRC
PSRC,530539400123,NA,PSRC
PSRC,530539400131,NA,PSRC
PSRC,530539400132,NA,PSRC
PSRC,530539400133,NA,PSRC
PSRC,530610401001,NA,PSRC
PSRC,530610401002,NA,PSRC
PSRC,530610401003,NA,PSRC
PSRC,530610401004,NA,PSRC
PSRC,530610402001,NA,PSRC
PSRC,530610402002,NA,PSRC
PSRC,530610402003,NA,PSRC
PSRC,530610402004,NA,PSRC
PSRC,530610402005,NA,PSRC
PSRC,530610403001,NA,PSRC
PSRC,530610403002,NA,PSRC
PSRC,530610404001,NA,PSRC
PSRC,530610404002,NA,PSRC
PSRC,530610404003,NA,PSRC
PSRC,530610405001,NA,PSRC
PSRC,530610405002,NA,PSRC
PSRC,530610407001,NA,PSRC
PSRC,530610407002,NA,PSRC
PSRC,530610407003,NA,PSRC
PSRC,530610407004,NA,PSRC
PSRC,530610408001,NA,PSRC
PSRC,530610408002,NA,PSRC
PSRC,530610408003,NA,PSRC
PSRC,530610409001,NA,PSRC
PSRC,530610409002,NA,PSRC
PSRC,530610410001,NA,PSRC
PSRC,530610410002,NA,PSRC
PSRC,530610410003,NA,PSRC
PSRC,530610410004,NA,PSRC
PSRC,530610411001,NA,PSRC
PSRC,530610411002,NA,PSRC
PSRC,530610411003,NA,PSRC
PSRC,530610411004,NA,PSRC
PSRC,530610412011,NA,PSRC
PSRC,530610412012,NA,PSRC
PSRC,530610412021,NA,PSRC
PSRC,530610412022,NA,PSRC
PSRC,530610412023,NA,PSRC
PSRC,530610412024,NA,PSRC
PSRC,530610413011,NA,PSRC
PSRC,530610413012,NA,PSRC
PSRC,530610413013,NA,PSRC
PSRC,530610413014,NA,PSRC
PSRC,530610413031,NA,PSRC
PSRC,530610413032,NA,PSRC
PSRC,530610413033,NA,PSRC
PSRC,530610413034,NA,PSRC
PSRC,530610413041,NA,PSRC
PSRC,530610413042,NA,PSRC
PSRC,530610414001,NA,PSRC
PSRC,530610414002,NA,PSRC
PSRC,530610414003,NA,PSRC
PSRC,530610414004,NA,PSRC
PSRC,530610415001,NA,PSRC
PSRC,530610415002,NA,PSRC
PSRC,530610416011,NA,PSRC
PSRC,530610416012,NA,PSRC
PSRC,530610416013,NA,PSRC
PSRC,530610416014,NA,PSRC
PSRC,530610416051,NA,PSRC
PSRC,530610416052,NA,PSRC
PSRC,530610416053,NA,PSRC
PSRC,530610416054,NA,PSRC
PSRC,530610416055,NA,PSRC
PSRC,530610416061,NA,PSRC
PSRC,530610416062,NA,PSRC
PSRC,530610416063,NA,PSRC
PSRC,530610416064,NA,PSRC
PSRC,530610416071,NA,PSRC
PSRC,530610416072,NA,PSRC
PSRC,530610416073,NA,PSRC
PSRC,530610416091,NA,PSRC
PSRC,530610416092,NA,PSRC
PSRC,530610416093,NA,PSRC
PSRC,530610416101,NA,PSRC
PSRC,530610416102,NA,PSRC
PSRC,530610416103,NA,PSRC
PSRC,530610417011,NA,PSRC
PSRC,530610417012,NA,PSRC
PSRC,530610417013,NA,PSRC
PSRC,530610417014,NA,PSRC
PSRC,530610417031,NA,PSRC
PSRC,530610417032,NA,PSRC
PSRC,530610417033,NA,PSRC
PSRC,530610417034,NA,PSRC
PSRC,530610417035,NA,PSRC
PSRC,530610417041,NA,PSRC
PSRC,530610417042,NA,PSRC
PSRC,530610417043,NA,PSRC
PSRC,530610417044,NA,PSRC
PSRC,530610418051,NA,PSRC
PSRC,530610418052,NA,PSRC
PSRC,530610418053,NA,PSRC
PSRC,530610418054,NA,PSRC
PSRC,530610418081,NA,PSRC
PSRC,530610418082,NA,PSRC
PSRC,530610418083,NA,PSRC
PSRC,530610418091,NA,PSRC
PSRC,530610418092,NA,PSRC
PSRC,530610418093,NA,PSRC
PSRC,530610418101,NA,PSRC
PSRC,530610418102,NA,PSRC
PSRC,530610418103,NA,PSRC
PSRC,530610418121,NA,PSRC
PSRC,530610418122,NA,PSRC
PSRC,530610418123,NA,PSRC
PSRC,530610418124,NA,PSRC
PSRC,530610418131,NA,PSRC
PSRC,530610418132,NA,PSRC
PSRC,530610418133,NA,PSRC
PSRC,530610418141,NA,PSRC
PSRC,530610418142,NA,PSRC
PSRC,530610418143,NA,PSRC
PSRC,530610418151,NA,PSRC
PSRC,530610418152,NA,PSRC
PSRC,530610418153,NA,PSRC
PSRC,530610418161,NA,PSRC
PSRC,530610418162,NA,PSRC
PSRC,530610418163,NA,PSRC
PSRC,530610419011,NA,PSRC
PSRC,530610419012,NA,PSRC
PSRC,530610419013,NA,PSRC
PSRC,530610419014,NA,PSRC
PSRC,530610419041,NA,PSRC
PSRC,530610419042,NA,PSRC
PSRC,530610419043,NA,PSRC
PSRC,530610419044,NA,PSRC
PSRC,530610419051,NA,PSRC
PSRC,530610419052,NA,PSRC
PSRC,530610419053,NA,PSRC
PSRC,530610419054,NA,PSRC
PSRC,530610419061,NA,PSRC
PSRC,530610419062,NA,PSRC
PSRC,530610419071,NA,PSRC
PSRC,530610419072,NA,PSRC
PSRC,530610419073,NA,PSRC
PSRC,530610420011,NA,PSRC
PSRC,530610420012,NA,PSRC
PSRC,530610420013,NA,PSRC
PSRC,530610420014,NA,PSRC
PSRC,530610420031,NA,PSRC
PSRC,530610420032,NA,PSRC
PSRC,530610420041,NA,PSRC
PSRC,530610420042,NA,PSRC
PSRC,530610420043,NA,PSRC
PSRC,530610420051,NA,PSRC
PSRC,530610420052,NA,PSRC
PSRC,530610420053,NA,PSRC
PSRC,530610420054,NA,PSRC
PSRC,530610420061,NA,PSRC
PSRC,530610420062,NA,PSRC
PSRC,530610420063,NA,PSRC
PSRC,530610501011,NA,PSRC
PSRC,530610501012,NA,PSRC
PSRC,530610501021,NA,PSRC
PSRC,530610501022,NA,PSRC
PSRC,530610501023,NA,PSRC
PSRC,530610501024,NA,PSRC
PSRC,530610501025,NA,PSRC
PSRC,530610502001,NA,PSRC
PSRC,530610502002,NA,PSRC
PSRC,530610502003,NA,PSRC
PSRC,530610503001,NA,PSRC
PSRC,530610503002,NA,PSRC
PSRC,530610503003,NA,PSRC
PSRC,530610503004,NA,PSRC
PSRC,530610504021,NA,PSRC
PSRC,530610504022,NA,PSRC
PSRC,530610504023,NA,PSRC
PSRC,530610504024,NA,PSRC
PSRC,530610504031,NA,PSRC
PSRC,530610504032,NA,PSRC
PSRC,530610504033,NA,PSRC
PSRC,530610504041,NA,PSRC
PSRC,530610504042,NA,PSRC
PSRC,530610504043,NA,PSRC
PSRC,530610505011,NA,PSRC
PSRC,530610505012,NA,PSRC
PSRC,530610505013,NA,PSRC
PSRC,530610505021,NA,PSRC
PSRC,530610505022,NA,PSRC
PSRC,530610505023,NA,PSRC
PSRC,530610506001,NA,PSRC
PSRC,530610507001,NA,PSRC
PSRC,530610507002,NA,PSRC
PSRC,530610507003,NA,PSRC
PSRC,530610507004,NA,PSRC
PSRC,530610507005,NA,PSRC
PSRC,530610508001,NA,PSRC
PSRC,530610508002,NA,PSRC
PSRC,530610508003,NA,PSRC
PSRC,530610508004,NA,PSRC
PSRC,530610508005,NA,PSRC
PSRC,530610509001,NA,PSRC
PSRC,530610509002,NA,PSRC
PSRC,530610510001,NA,PSRC
PSRC,530610510002,NA,PSRC
PSRC,530610510003,NA,PSRC
PSRC,530610511001,NA,PSRC
PSRC,530610511002,NA,PSRC
PSRC,530610511003,NA,PSRC
PSRC,530610512001,NA,PSRC
PSRC,530610512002,NA,PSRC
PSRC,530610512003,NA,PSRC
PSRC,530610513011,NA,PSRC
PSRC,530610513012,NA,PSRC
PSRC,530610513013,NA,PSRC
PSRC,530610513021,NA,PSRC
PSRC,530610513022,NA,PSRC
PSRC,530610513023,NA,PSRC
PSRC,530610514011,NA,PSRC
PSRC,530610514012,NA,PSRC
PSRC,530610514013,NA,PSRC
PSRC,530610514021,NA,PSRC
PSRC,530610514022,NA,PSRC
PSRC,530610514023,NA,PSRC
PSRC,530610515001,NA,PSRC
PSRC,530610515002,NA,PSRC
PSRC,530610515003,NA,PSRC
PSRC,530610515004,NA,PSRC
PSRC,530610516011,NA,PSRC
PSRC,530610516012,NA,PSRC
PSRC,530610516013,NA,PSRC
PSRC,530610516014,NA,PSRC
PSRC,530610516021,NA,PSRC
PSRC,530610516022,NA,PSRC
PSRC,530610516023,NA,PSRC
PSRC,530610517011,NA,PSRC
PSRC,530610517012,NA,PSRC
PSRC,530610517013,NA,PSRC
PSRC,530610517014,NA,PSRC
PSRC,530610517021,NA,PSRC
PSRC,530610517022,NA,PSRC
PSRC,530610517023,NA,PSRC
PSRC,530610517024,NA,PSRC
PSRC,530610518021,NA,PSRC
PSRC,530610518022,NA,PSRC
PSRC,530610518023,NA,PSRC
PSRC,530610518024,NA,PSRC
PSRC,530610518025,NA,PSRC
PSRC,530610518031,NA,PSRC
PSRC,530610518032,NA,PSRC
PSRC,530610518033,NA,PSRC
PSRC,530610518034,NA,PSRC
PSRC,530610518041,NA,PSRC
PSRC,530610518042,NA,PSRC
PSRC,530610518043,NA,PSRC
PSRC,530610518044,NA,PSRC
PSRC,530610519121,NA,PSRC
PSRC,530610519122,NA,PSRC
PSRC,530610519131,NA,PSRC
PSRC,530610519132,NA,PSRC
PSRC,530610519133,NA,PSRC
PSRC,530610519134,NA,PSRC
PSRC,530610519141,NA,PSRC
PSRC,530610519142,NA,PSRC
PSRC,530610519143,NA,PSRC
PSRC,530610519161,NA,PSRC
PSRC,530610519162,NA,PSRC
PSRC,530610519163,NA,PSRC
PSRC,530610519171,NA,PSRC
PSRC,530610519172,NA,PSRC
PSRC,530610519173,NA,PSRC
PSRC,530610519181,NA,PSRC
PSRC,530610519182,NA,PSRC
PSRC,530610519183,NA,PSRC
PSRC,530610519184,NA,PSRC
PSRC,530610519211,NA,PSRC
PSRC,530610519212,NA,PSRC
PSRC,530610519213,NA,PSRC
PSRC,530610519221,NA,PSRC
PSRC,530610519222,NA,PSRC
PSRC,530610519223,NA,PSRC
PSRC,530610519224,NA,PSRC
PSRC,530610519261,NA,PSRC
PSRC,530610519262,NA,PSRC
PSRC,530610519263,NA,PSRC
PSRC,530610519264,NA,PSRC
PSRC,530610519271,NA,PSRC
PSRC,530610519272,NA,PSRC
PSRC,530610519273,NA,PSRC
PSRC,530610519274,NA,PSRC
PSRC,530610519281,NA,PSRC
PSRC,530610519282,NA,PSRC
PSRC,530610519283,NA,PSRC
PSRC,530610519284,NA,PSRC
PSRC,530610519291,NA,PSRC
PSRC,530610519292,NA,PSRC
PSRC,530610519293,NA,PSRC
PSRC,530610519301,NA,PSRC
PSRC,530610519302,NA,PSRC
PSRC,530610519303,NA,PSRC
PSRC,530610519311,NA,PSRC
PSRC,530610519312,NA,PSRC
PSRC,530610519313,NA,PSRC
PSRC,530610519321,NA,PSRC
PSRC,530610519322,NA,PSRC
PSRC,530610519323,NA,PSRC
PSRC,530610519331,NA,PSRC
PSRC,530610519332,NA,PSRC
PSRC,530610519341,NA,PSRC
PSRC,530610519342,NA,PSRC
PSRC,530610519343,NA,PSRC
PSRC,530610519351,NA,PSRC
PSRC,530610519352,NA,PSRC
PSRC,530610519353,NA,PSRC
PSRC,530610519361,NA,PSRC
PSRC,530610519362,NA,PSRC
PSRC,530610519363,NA,PSRC
PSRC,530610519371,NA,PSRC
PSRC,530610519372,NA,PSRC
PSRC,530610519373,NA,PSRC
PSRC,530610519381,NA,PSRC
PSRC,530610519382,NA,PSRC
PSRC,530610519383,NA,PSRC
PSRC,530610520041,NA,PSRC
PSRC,530610520042,NA,PSRC
PSRC,530610520043,NA,PSRC
PSRC,530610520044,NA,PSRC
PSRC,530610520045,NA,PSRC
PSRC,530610520051,NA,PSRC
PSRC,530610520052,NA,PSRC
PSRC,530610520053,NA,PSRC
PSRC,530610520054,NA,PSRC
PSRC,530610520061,NA,PSRC
PSRC,530610520062,NA,PSRC
PSRC,530610520063,NA,PSRC
PSRC,530610520071,NA,PSRC
PSRC,530610520072,NA,PSRC
PSRC,530610520073,NA,PSRC
PSRC,530610520074,NA,PSRC
PSRC,530610520081,NA,PSRC
PSRC,530610520082,NA,PSRC
PSRC,530610520083,NA,PSRC
PSRC,530610520091,NA,PSRC
PSRC,530610520092,NA,PSRC
PSRC,530610520093,NA,PSRC
PSRC,530610520101,NA,PSRC
PSRC,530610520102,NA,PSRC
PSRC,530610520103,NA,PSRC
PSRC,530610521041,NA,PSRC
PSRC,530610521042,NA,PSRC
PSRC,530610521043,NA,PSRC
PSRC,530610521051,NA,PSRC
PSRC,530610521052,NA,PSRC
PSRC,530610521071,NA,PSRC
PSRC,530610521072,NA,PSRC
PSRC,530610521073,NA,PSRC
PSRC,530610521074,NA,PSRC
PSRC,530610521075,NA,PSRC
PSRC,530610521081,NA,PSRC
PSRC,530610521082,NA,PSRC
PSRC,530610521083,NA,PSRC
PSRC,530610521084,NA,PSRC
PSRC,530610521085,NA,PSRC
PSRC,530610521121,NA,PSRC
PSRC,530610521122,NA,PSRC
PSRC,530610521131,NA,PSRC
PSRC,530610521132,NA,PSRC
PSRC,530610521141,NA,PSRC
PSRC,530610521142,NA,PSRC
PSRC,530610521143,NA,PSRC
PSRC,530610521144,NA,PSRC
PSRC,530610521191,NA,PSRC
PSRC,530610521192,NA,PSRC
PSRC,530610521201,NA,PSRC
PSRC,530610521202,NA,PSRC
PSRC,530610521203,NA,PSRC
PSRC,530610521211,NA,PSRC
PSRC,530610521212,NA,PSRC
PSRC,530610521213,NA,PSRC
PSRC,530610521221,NA,PSRC
PSRC,530610521222,NA,PSRC
PSRC,530610521223,NA,PSRC
PSRC,530610522031,NA,PSRC
PSRC,530610522032,NA,PSRC
PSRC,530610522033,NA,PSRC
PSRC,530610522034,NA,PSRC
PSRC,530610522041,NA,PSRC
PSRC,530610522042,NA,PSRC
PSRC,530610522043,NA,PSRC
PSRC,530610522044,NA,PSRC
PSRC,530610522061,NA,PSRC
PSRC,530610522062,NA,PSRC
PSRC,530610522063,NA,PSRC
PSRC,530610522064,NA,PSRC
PSRC,530610522071,NA,PSRC
PSRC,530610522072,NA,PSRC
PSRC,530610522073,NA,PSRC
PSRC,530610522074,NA,PSRC
PSRC,530610522081,NA,PSRC
PSRC,530610522082,NA,PSRC
PSRC,530610522083,NA,PSRC
PSRC,530610522101,NA,PSRC
PSRC,530610522102,NA,PSRC
PSRC,530610522111,NA,PSRC
PSRC,530610523011,NA,PSRC
PSRC,530610523012,NA,PSRC
PSRC,530610523013,NA,PSRC
PSRC,530610523014,NA,PSRC
PSRC,530610523021,NA,PSRC
PSRC,530610523022,NA,PSRC
PSRC,530610523023,NA,PSRC
PSRC,530610524011,NA,PSRC
PSRC,530610524012,NA,PSRC
PSRC,530610524013,NA,PSRC
PSRC,530610524021,NA,PSRC
PSRC,530610524022,NA,PSRC
PSRC,530610524023,NA,PSRC
PSRC,530610525021,NA,PSRC
PSRC,530610525022,NA,PSRC
PSRC,530610525023,NA,PSRC
PSRC,530610525024,NA,PSRC
PSRC,530610525041,NA,PSRC
PSRC,530610525042,NA,PSRC
PSRC,530610525051,NA,PSRC
PSRC,530610525052,NA,PSRC
PSRC,530610525053,NA,PSRC
PSRC,530610525054,NA,PSRC
PSRC,530610525061,NA,PSRC
PSRC,530610525062,NA,PSRC
PSRC,530610525063,NA,PSRC
PSRC,530610526031,NA,PSRC
PSRC,530610526032,NA,PSRC
PSRC,530610526041,NA,PSRC
PSRC,530610526042,NA,PSRC
PSRC,530610526043,NA,PSRC
PSRC,530610526051,NA,PSRC
PSRC,530610526052,NA,PSRC
PSRC,530610526053,NA,PSRC
PSRC,530610526054,NA,PSRC
PSRC,530610526061,NA,PSRC
PSRC,530610526062,NA,PSRC
PSRC,530610526063,NA,PSRC
PSRC,530610526071,NA,PSRC
PSRC,530610526072,NA,PSRC
PSRC,530610526073,NA,PSRC
PSRC,530610526074,NA,PSRC
PSRC,530610527011,NA,PSRC
PSRC,530610527061,NA,PSRC
PSRC,530610527062,NA,PSRC
PSRC,530610527063,NA,PSRC
PSRC,530610527064,NA,PSRC
PSRC,530610527071,NA,PSRC
PSRC,530610527072,NA,PSRC
PSRC,530610527073,NA,PSRC
PSRC,530610527081,NA,PSRC
PSRC,530610527082,NA,PSRC
PSRC,530610527083,NA,PSRC
PSRC,530610527084,NA,PSRC
PSRC,530610527091,NA,PSRC
PSRC,530610527092,NA,PSRC
PSRC,530610527101,NA,PSRC
PSRC,530610527102,NA,PSRC
PSRC,530610527103,NA,PSRC
PSRC,530610527111,NA,PSRC
PSRC,530610527112,NA,PSRC
PSRC,530610527113,NA,PSRC
PSRC,530610528031,NA,PSRC
PSRC,530610528032,NA,PSRC
PSRC,530610528033,NA,PSRC
PSRC,530610528034,NA,PSRC
PSRC,530610528035,NA,PSRC
PSRC,530610528051,NA,PSRC
PSRC,530610528052,NA,PSRC
PSRC,530610528053,NA,PSRC
PSRC,530610528071,NA,PSRC
PSRC,530610528072,NA,PSRC
PSRC,530610528073,NA,PSRC
PSRC,530610528081,NA,PSRC
PSRC,530610528082,NA,PSRC
PSRC,530610528083,NA,PSRC
PSRC,530610528091,NA,PSRC
PSRC,530610528092,NA,PSRC
PSRC,530610528093,NA,PSRC
PSRC,530610528101,NA,PSRC
PSRC,530610528102,NA,PSRC
PSRC,530610528103,NA,PSRC
PSRC,530610529031,NA,PSRC
PSRC,530610529032,NA,PSRC
PSRC,530610529033,NA,PSRC
PSRC,530610529041,NA,PSRC
PSRC,530610529042,NA,PSRC
PSRC,530610529043,NA,PSRC
PSRC,530610529044,NA,PSRC
PSRC,530610529051,NA,PSRC
PSRC,530610529052,NA,PSRC
PSRC,530610529053,NA,PSRC
PSRC,530610529061,NA,PSRC
PSRC,530610529062,NA,PSRC
PSRC,530610529063,NA,PSRC
PSRC,530610531011,NA,PSRC
PSRC,530610531012,NA,PSRC
PSRC,530610531013,NA,PSRC
PSRC,530610531021,NA,PSRC
PSRC,530610531022,NA,PSRC
PSRC,530610531023,NA,PSRC
PSRC,530610531024,NA,PSRC
PSRC,530610532011,NA,PSRC
PSRC,530610532012,NA,PSRC
PSRC,530610532013,NA,PSRC
PSRC,530610532021,NA,PSRC
PSRC,530610532022,NA,PSRC
PSRC,530610532023,NA,PSRC
PSRC,530610533011,NA,PSRC
PSRC,530610533012,NA,PSRC
PSRC,530610533013,NA,PSRC
PSRC,530610533014,NA,PSRC
PSRC,530610533015,NA,PSRC
PSRC,530610533021,NA,PSRC
PSRC,530610533022,NA,PSRC
PSRC,530610533023,NA,PSRC
PSRC,530610533024,NA,PSRC
PSRC,530610533025,NA,PSRC
PSRC,530610534001,NA,PSRC
PSRC,530610534002,NA,PSRC
PSRC,530610534003,NA,PSRC
PSRC,530610534004,NA,PSRC
PSRC,530610535051,NA,PSRC
PSRC,530610535052,NA,PSRC
PSRC,530610535053,NA,PSRC
PSRC,530610535054,NA,PSRC
PSRC,530610535061,NA,PSRC
PSRC,530610535062,NA,PSRC
PSRC,530610535063,NA,PSRC
PSRC,530610535064,NA,PSRC
PSRC,530610535071,NA,PSRC
PSRC,530610535072,NA,PSRC
PSRC,530610535073,NA,PSRC
PSRC,530610535074,NA,PSRC
PSRC,530610535081,NA,PSRC
PSRC,530610535082,NA,PSRC
PSRC,530610535091,NA,PSRC
PSRC,530610535092,NA,PSRC
PSRC,530610535093,NA,PSRC
PSRC,530610535101,NA,PSRC
PSRC,530610535102,NA,PSRC
PSRC,530610535103,NA,PSRC
PSRC,530610535111,NA,PSRC
PSRC,530610535112,NA,PSRC
PSRC,530610535113,NA,PSRC
PSRC,530610536031,NA,PSRC
PSRC,530610536032,NA,PSRC
PSRC,530610536033,NA,PSRC
PSRC,530610536041,NA,PSRC
PSRC,530610536042,NA,PSRC
PSRC,530610536043,NA,PSRC
PSRC,530610536051,NA,PSRC
PSRC,530610536052,NA,PSRC
PSRC,530610536061,NA,PSRC
PSRC,530610536062,NA,PSRC
PSRC,530610536063,NA,PSRC
PSRC,530610537001,NA,PSRC
PSRC,530610537002,NA,PSRC
PSRC,530610538011,NA,PSRC
PSRC,530610538012,NA,PSRC
PSRC,530610538013,NA,PSRC
PSRC,530610538021,NA,PSRC
PSRC,530610538022,NA,PSRC
PSRC,530610538023,NA,PSRC
PSRC,530610538024,NA,PSRC
PSRC,530610538031,NA,PSRC
PSRC,530610538032,NA,PSRC
PSRC,530610538033,NA,PSRC
PSRC,530610538034,NA,PSRC
PSRC,530619400011,NA,PSRC
PSRC,530619400012,NA,PSRC
PSRC,530619400013,NA,PSRC
PSRC,530619400014,NA,PSRC
PSRC,530619400015,NA,PSRC
PSRC,530619400021,NA,PSRC
PSRC,530619400022,NA,PSRC
PSRC,530619400023,NA,PSRC
PSRC,530619900020,NA,PSRC
PSRC,530619901000,NA,PSRC
